country;zip;city;zeros
NO;0001;OSLO;0
NO;0010;OSLO;0
NO;0015;OSLO;0
NO;0018;OSLO;0
NO;0021;OSLO;0
NO;0024;OSLO;0
NO;0026;OSLO;0
NO;0028;OSLO;0
NO;0030;OSLO;0
NO;0031;OSLO;0
NO;0032;OSLO;0
NO;0033;OSLO;0
NO;0034;OSLO;0
NO;0037;OSLO;0
NO;0040;OSLO;0
NO;0045;OSLO;0
NO;0046;OSLO;0
NO;0047;OSLO;0
NO;0048;OSLO;0
NO;0050;OSLO;0
NO;0055;OSLO;0
NO;0060;OSLO;0
NO;0081;OSLO;0
NO;0101;OSLO;0
NO;0102;OSLO;0
NO;0103;OSLO;0
NO;0104;OSLO;0
NO;0105;OSLO;0
NO;0106;OSLO;0
NO;0107;OSLO;0
NO;0109;OSLO;0
NO;0110;OSLO;0
NO;0111;OSLO;0
NO;0112;OSLO;0
NO;0113;OSLO;0
NO;0114;OSLO;0
NO;0115;OSLO;0
NO;0116;OSLO;0
NO;0117;OSLO;0
NO;0118;OSLO;0
NO;0119;OSLO;0
NO;0120;OSLO;0
NO;0121;OSLO;0
NO;0122;OSLO;0
NO;0123;OSLO;0
NO;0124;OSLO;0
NO;0125;OSLO;0
NO;0128;OSLO;0
NO;0129;OSLO;0
NO;0130;OSLO;0
NO;0131;OSLO;0
NO;0132;OSLO;0
NO;0133;OSLO;0
NO;0134;OSLO;0
NO;0135;OSLO;0
NO;0136;OSLO;0
NO;0138;OSLO;0
NO;0139;OSLO;0
NO;0140;OSLO;0
NO;0150;OSLO;0
NO;0151;OSLO;0
NO;0152;OSLO;0
NO;0153;OSLO;0
NO;0154;OSLO;0
NO;0155;OSLO;0
NO;0157;OSLO;0
NO;0158;OSLO;0
NO;0159;OSLO;0
NO;0160;OSLO;0
NO;0161;OSLO;0
NO;0162;OSLO;0
NO;0164;OSLO;0
NO;0165;OSLO;0
NO;0166;OSLO;0
NO;0167;OSLO;0
NO;0168;OSLO;0
NO;0169;OSLO;0
NO;0170;OSLO;0
NO;0171;OSLO;0
NO;0172;OSLO;0
NO;0173;OSLO;0
NO;0174;OSLO;0
NO;0175;OSLO;0
NO;0176;OSLO;0
NO;0177;OSLO;0
NO;0178;OSLO;0
NO;0179;OSLO;0
NO;0180;OSLO;0
NO;0181;OSLO;0
NO;0182;OSLO;0
NO;0183;OSLO;0
NO;0184;OSLO;0
NO;0185;OSLO;0
NO;0186;OSLO;0
NO;0187;OSLO;0
NO;0188;OSLO;0
NO;0190;OSLO;0
NO;0191;OSLO;0
NO;0192;OSLO;0
NO;0193;OSLO;0
NO;0194;OSLO;0
NO;0195;OSLO;0
NO;0196;OSLO;0
NO;0198;OSLO;0
NO;0201;OSLO;0
NO;0202;OSLO;0
NO;0203;OSLO;0
NO;0204;OSLO;0
NO;0207;OSLO;0
NO;0208;OSLO;0
NO;0211;OSLO;0
NO;0212;OSLO;0
NO;0213;OSLO;0
NO;0214;OSLO;0
NO;0215;OSLO;0
NO;0216;OSLO;0
NO;0217;OSLO;0
NO;0218;OSLO;0
NO;0230;OSLO;0
NO;0240;OSLO;0
NO;0244;OSLO;0
NO;0247;OSLO;0
NO;0250;OSLO;0
NO;0251;OSLO;0
NO;0252;OSLO;0
NO;0253;OSLO;0
NO;0254;OSLO;0
NO;0255;OSLO;0
NO;0256;OSLO;0
NO;0257;OSLO;0
NO;0258;OSLO;0
NO;0259;OSLO;0
NO;0260;OSLO;0
NO;0262;OSLO;0
NO;0263;OSLO;0
NO;0264;OSLO;0
NO;0265;OSLO;0
NO;0266;OSLO;0
NO;0267;OSLO;0
NO;0268;OSLO;0
NO;0270;OSLO;0
NO;0271;OSLO;0
NO;0272;OSLO;0
NO;0273;OSLO;0
NO;0274;OSLO;0
NO;0275;OSLO;0
NO;0276;OSLO;0
NO;0277;OSLO;0
NO;0278;OSLO;0
NO;0279;OSLO;0
NO;0280;OSLO;0
NO;0281;OSLO;0
NO;0282;OSLO;0
NO;0283;OSLO;0
NO;0284;OSLO;0
NO;0286;OSLO;0
NO;0287;OSLO;0
NO;0301;OSLO;0
NO;0302;OSLO;0
NO;0303;OSLO;0
NO;0304;OSLO;0
NO;0305;OSLO;0
NO;0306;OSLO;0
NO;0307;OSLO;0
NO;0308;OSLO;0
NO;0309;OSLO;0
NO;0311;OSLO;0
NO;0313;OSLO;0
NO;0314;OSLO;0
NO;0315;OSLO;0
NO;0316;OSLO;0
NO;0317;OSLO;0
NO;0318;OSLO;0
NO;0319;OSLO;0
NO;0323;OSLO;0
NO;0330;OSLO;0
NO;0340;OSLO;0
NO;0349;OSLO;0
NO;0350;OSLO;0
NO;0351;OSLO;0
NO;0352;OSLO;0
NO;0353;OSLO;0
NO;0354;OSLO;0
NO;0355;OSLO;0
NO;0356;OSLO;0
NO;0357;OSLO;0
NO;0358;OSLO;0
NO;0359;OSLO;0
NO;0360;OSLO;0
NO;0361;OSLO;0
NO;0362;OSLO;0
NO;0363;OSLO;0
NO;0364;OSLO;0
NO;0365;OSLO;0
NO;0366;OSLO;0
NO;0367;OSLO;0
NO;0368;OSLO;0
NO;0369;OSLO;0
NO;0370;OSLO;0
NO;0371;OSLO;0
NO;0372;OSLO;0
NO;0373;OSLO;0
NO;0374;OSLO;0
NO;0375;OSLO;0
NO;0376;OSLO;0
NO;0377;OSLO;0
NO;0378;OSLO;0
NO;0379;OSLO;0
NO;0380;OSLO;0
NO;0381;OSLO;0
NO;0382;OSLO;0
NO;0383;OSLO;0
NO;0401;OSLO;0
NO;0402;OSLO;0
NO;0403;OSLO;0
NO;0404;OSLO;0
NO;0405;OSLO;0
NO;0406;OSLO;0
NO;0409;OSLO;0
NO;0410;OSLO;0
NO;0411;OSLO;0
NO;0412;OSLO;0
NO;0413;OSLO;0
NO;0415;OSLO;0
NO;0421;OSLO;0
NO;0422;OSLO;0
NO;0423;OSLO;0
NO;0424;OSLO;0
NO;0440;OSLO;0
NO;0441;OSLO;0
NO;0442;OSLO;0
NO;0445;OSLO;0
NO;0450;OSLO;0
NO;0451;OSLO;0
NO;0452;OSLO;0
NO;0454;OSLO;0
NO;0455;OSLO;0
NO;0456;OSLO;0
NO;0457;OSLO;0
NO;0458;OSLO;0
NO;0459;OSLO;0
NO;0460;OSLO;0
NO;0461;OSLO;0
NO;0462;OSLO;0
NO;0463;OSLO;0
NO;0464;OSLO;0
NO;0465;OSLO;0
NO;0467;OSLO;0
NO;0468;OSLO;0
NO;0469;OSLO;0
NO;0470;OSLO;0
NO;0472;OSLO;0
NO;0473;OSLO;0
NO;0474;OSLO;0
NO;0475;OSLO;0
NO;0476;OSLO;0
NO;0477;OSLO;0
NO;0478;OSLO;0
NO;0479;OSLO;0
NO;0480;OSLO;0
NO;0481;OSLO;0
NO;0482;OSLO;0
NO;0483;OSLO;0
NO;0484;OSLO;0
NO;0485;OSLO;0
NO;0486;OSLO;0
NO;0487;OSLO;0
NO;0488;OSLO;0
NO;0489;OSLO;0
NO;0490;OSLO;0
NO;0491;OSLO;0
NO;0492;OSLO;0
NO;0493;OSLO;0
NO;0494;OSLO;0
NO;0495;OSLO;0
NO;0496;OSLO;0
NO;0501;OSLO;0
NO;0502;OSLO;0
NO;0503;OSLO;0
NO;0504;OSLO;0
NO;0505;OSLO;0
NO;0506;OSLO;0
NO;0507;OSLO;0
NO;0508;OSLO;0
NO;0509;OSLO;0
NO;0510;OSLO;0
NO;0511;OSLO;0
NO;0512;OSLO;0
NO;0513;OSLO;0
NO;0515;OSLO;0
NO;0516;OSLO;0
NO;0517;OSLO;0
NO;0518;OSLO;0
NO;0520;OSLO;0
NO;0540;OSLO;0
NO;0550;OSLO;0
NO;0551;OSLO;0
NO;0552;OSLO;0
NO;0553;OSLO;0
NO;0554;OSLO;0
NO;0555;OSLO;0
NO;0556;OSLO;0
NO;0557;OSLO;0
NO;0558;OSLO;0
NO;0559;OSLO;0
NO;0560;OSLO;0
NO;0561;OSLO;0
NO;0562;OSLO;0
NO;0563;OSLO;0
NO;0564;OSLO;0
NO;0565;OSLO;0
NO;0566;OSLO;0
NO;0567;OSLO;0
NO;0568;OSLO;0
NO;0569;OSLO;0
NO;0570;OSLO;0
NO;0571;OSLO;0
NO;0572;OSLO;0
NO;0573;OSLO;0
NO;0574;OSLO;0
NO;0575;OSLO;0
NO;0576;OSLO;0
NO;0577;OSLO;0
NO;0578;OSLO;0
NO;0579;OSLO;0
NO;0580;OSLO;0
NO;0581;OSLO;0
NO;0582;OSLO;0
NO;0583;OSLO;0
NO;0584;OSLO;0
NO;0585;OSLO;0
NO;0586;OSLO;0
NO;0587;OSLO;0
NO;0588;OSLO;0
NO;0589;OSLO;0
NO;0590;OSLO;0
NO;0591;OSLO;0
NO;0592;OSLO;0
NO;0593;OSLO;0
NO;0594;OSLO;0
NO;0595;OSLO;0
NO;0596;OSLO;0
NO;0597;OSLO;0
NO;0598;OSLO;0
NO;0601;OSLO;0
NO;0602;OSLO;0
NO;0603;OSLO;0
NO;0604;OSLO;0
NO;0605;OSLO;0
NO;0606;OSLO;0
NO;0607;OSLO;0
NO;0608;OSLO;0
NO;0609;OSLO;0
NO;0611;OSLO;0
NO;0612;OSLO;0
NO;0613;OSLO;0
NO;0614;OSLO;0
NO;0615;OSLO;0
NO;0616;OSLO;0
NO;0617;OSLO;0
NO;0618;OSLO;0
NO;0619;OSLO;0
NO;0620;OSLO;0
NO;0621;OSLO;0
NO;0622;OSLO;0
NO;0623;OSLO;0
NO;0624;OSLO;0
NO;0626;OSLO;0
NO;0650;OSLO;0
NO;0651;OSLO;0
NO;0652;OSLO;0
NO;0653;OSLO;0
NO;0654;OSLO;0
NO;0655;OSLO;0
NO;0656;OSLO;0
NO;0657;OSLO;0
NO;0658;OSLO;0
NO;0659;OSLO;0
NO;0660;OSLO;0
NO;0661;OSLO;0
NO;0662;OSLO;0
NO;0663;OSLO;0
NO;0664;OSLO;0
NO;0665;OSLO;0
NO;0666;OSLO;0
NO;0667;OSLO;0
NO;0668;OSLO;0
NO;0669;OSLO;0
NO;0670;OSLO;0
NO;0671;OSLO;0
NO;0672;OSLO;0
NO;0673;OSLO;0
NO;0674;OSLO;0
NO;0675;OSLO;0
NO;0676;OSLO;0
NO;0677;OSLO;0
NO;0678;OSLO;0
NO;0679;OSLO;0
NO;0680;OSLO;0
NO;0681;OSLO;0
NO;0682;OSLO;0
NO;0683;OSLO;0
NO;0684;OSLO;0
NO;0685;OSLO;0
NO;0686;OSLO;0
NO;0687;OSLO;0
NO;0688;OSLO;0
NO;0689;OSLO;0
NO;0690;OSLO;0
NO;0691;OSLO;0
NO;0692;OSLO;0
NO;0693;OSLO;0
NO;0694;OSLO;0
NO;0701;OSLO;0
NO;0702;OSLO;0
NO;0705;OSLO;0
NO;0710;OSLO;0
NO;0712;OSLO;0
NO;0750;OSLO;0
NO;0751;OSLO;0
NO;0752;OSLO;0
NO;0753;OSLO;0
NO;0754;OSLO;0
NO;0755;OSLO;0
NO;0756;OSLO;0
NO;0757;OSLO;0
NO;0758;OSLO;0
NO;0760;OSLO;0
NO;0763;OSLO;0
NO;0764;OSLO;0
NO;0765;OSLO;0
NO;0766;OSLO;0
NO;0767;OSLO;0
NO;0768;OSLO;0
NO;0770;OSLO;0
NO;0771;OSLO;0
NO;0772;OSLO;0
NO;0773;OSLO;0
NO;0774;OSLO;0
NO;0775;OSLO;0
NO;0776;OSLO;0
NO;0777;OSLO;0
NO;0778;OSLO;0
NO;0779;OSLO;0
NO;0781;OSLO;0
NO;0782;OSLO;0
NO;0783;OSLO;0
NO;0784;OSLO;0
NO;0785;OSLO;0
NO;0786;OSLO;0
NO;0787;OSLO;0
NO;0788;OSLO;0
NO;0789;OSLO;0
NO;0790;OSLO;0
NO;0791;OSLO;0
NO;0801;OSLO;0
NO;0805;OSLO;0
NO;0806;OSLO;0
NO;0807;OSLO;0
NO;0840;OSLO;0
NO;0850;OSLO;0
NO;0851;OSLO;0
NO;0852;OSLO;0
NO;0853;OSLO;0
NO;0854;OSLO;0
NO;0855;OSLO;0
NO;0856;OSLO;0
NO;0857;OSLO;0
NO;0858;OSLO;0
NO;0860;OSLO;0
NO;0861;OSLO;0
NO;0862;OSLO;0
NO;0863;OSLO;0
NO;0864;OSLO;0
NO;0870;OSLO;0
NO;0871;OSLO;0
NO;0872;OSLO;0
NO;0873;OSLO;0
NO;0874;OSLO;0
NO;0875;OSLO;0
NO;0876;OSLO;0
NO;0877;OSLO;0
NO;0880;OSLO;0
NO;0881;OSLO;0
NO;0882;OSLO;0
NO;0883;OSLO;0
NO;0884;OSLO;0
NO;0890;OSLO;0
NO;0891;OSLO;0
NO;0901;OSLO;0
NO;0902;OSLO;0
NO;0903;OSLO;0
NO;0904;OSLO;0
NO;0905;OSLO;0
NO;0907;OSLO;0
NO;0908;OSLO;0
NO;0913;OSLO;0
NO;0914;OSLO;0
NO;0915;OSLO;0
NO;0950;OSLO;0
NO;0951;OSLO;0
NO;0952;OSLO;0
NO;0953;OSLO;0
NO;0954;OSLO;0
NO;0955;OSLO;0
NO;0956;OSLO;0
NO;0957;OSLO;0
NO;0958;OSLO;0
NO;0959;OSLO;0
NO;0960;OSLO;0
NO;0962;OSLO;0
NO;0963;OSLO;0
NO;0964;OSLO;0
NO;0968;OSLO;0
NO;0969;OSLO;0
NO;0970;OSLO;0
NO;0971;OSLO;0
NO;0972;OSLO;0
NO;0973;OSLO;0
NO;0975;OSLO;0
NO;0976;OSLO;0
NO;0977;OSLO;0
NO;0978;OSLO;0
NO;0979;OSLO;0
NO;0980;OSLO;0
NO;0981;OSLO;0
NO;0982;OSLO;0
NO;0983;OSLO;0
NO;0984;OSLO;0
NO;0985;OSLO;0
NO;0986;OSLO;0
NO;0987;OSLO;0
NO;0988;OSLO;0
NO;1001;OSLO;0
NO;1003;OSLO;0
NO;1005;OSLO;0
NO;1006;OSLO;0
NO;1007;OSLO;0
NO;1008;OSLO;0
NO;1009;OSLO;0
NO;1011;OSLO;0
NO;1051;OSLO;0
NO;1052;OSLO;0
NO;1053;OSLO;0
NO;1054;OSLO;0
NO;1055;OSLO;0
NO;1056;OSLO;0
NO;1061;OSLO;0
NO;1062;OSLO;0
NO;1063;OSLO;0
NO;1064;OSLO;0
NO;1065;OSLO;0
NO;1067;OSLO;0
NO;1068;OSLO;0
NO;1069;OSLO;0
NO;1071;OSLO;0
NO;1081;OSLO;0
NO;1083;OSLO;0
NO;1084;OSLO;0
NO;1086;OSLO;0
NO;1087;OSLO;0
NO;1088;OSLO;0
NO;1089;OSLO;0
NO;1101;OSLO;0
NO;1102;OSLO;0
NO;1108;OSLO;0
NO;1109;OSLO;0
NO;1112;OSLO;0
NO;1150;OSLO;0
NO;1151;OSLO;0
NO;1152;OSLO;0
NO;1153;OSLO;0
NO;1154;OSLO;0
NO;1155;OSLO;0
NO;1156;OSLO;0
NO;1157;OSLO;0
NO;1158;OSLO;0
NO;1160;OSLO;0
NO;1161;OSLO;0
NO;1162;OSLO;0
NO;1163;OSLO;0
NO;1164;OSLO;0
NO;1165;OSLO;0
NO;1166;OSLO;0
NO;1167;OSLO;0
NO;1168;OSLO;0
NO;1169;OSLO;0
NO;1170;OSLO;0
NO;1172;OSLO;0
NO;1176;OSLO;0
NO;1177;OSLO;0
NO;1178;OSLO;0
NO;1179;OSLO;0
NO;1181;OSLO;0
NO;1182;OSLO;0
NO;1184;OSLO;0
NO;1185;OSLO;0
NO;1187;OSLO;0
NO;1188;OSLO;0
NO;1189;OSLO;0
NO;1201;OSLO;0
NO;1203;OSLO;0
NO;1204;OSLO;0
NO;1205;OSLO;0
NO;1207;OSLO;0
NO;1214;OSLO;0
NO;1215;OSLO;0
NO;1250;OSLO;0
NO;1251;OSLO;0
NO;1252;OSLO;0
NO;1253;OSLO;0
NO;1254;OSLO;0
NO;1255;OSLO;0
NO;1256;OSLO;0
NO;1257;OSLO;0
NO;1258;OSLO;0
NO;1259;OSLO;0
NO;1262;OSLO;0
NO;1263;OSLO;0
NO;1266;OSLO;0
NO;1270;OSLO;0
NO;1271;OSLO;0
NO;1272;OSLO;0
NO;1273;OSLO;0
NO;1274;OSLO;0
NO;1275;OSLO;0
NO;1278;OSLO;0
NO;1279;OSLO;0
NO;1281;OSLO;0
NO;1283;OSLO;0
NO;1284;OSLO;0
NO;1285;OSLO;0
NO;1286;OSLO;0
NO;1290;OSLO;0
NO;1291;OSLO;0
NO;1294;OSLO;0
NO;1295;OSLO;0
NO;1300;SANDVIKA;0
NO;1301;SANDVIKA;0
NO;1302;SANDVIKA;0
NO;1303;SANDVIKA;0
NO;1304;SANDVIKA;0
NO;1305;HASLUM;0
NO;1306;SANDVIKA;0
NO;1307;FORNEBU;0
NO;1308;JAR;0
NO;1309;RUD;0
NO;1311;HØVIKODDEN;0
NO;1312;SLEPENDEN;0
NO;1313;VØYENENGA;0
NO;1314;VØYENENGA;0
NO;1316;EIKSMARKA;0
NO;1317;BÆRUMS VERK;0
NO;1318;BEKKESTUA;0
NO;1319;BEKKESTUA;0
NO;1321;STABEKK;0
NO;1322;HØVIK;0
NO;1323;HØVIK;0
NO;1324;LYSAKER;0
NO;1325;LYSAKER;0
NO;1326;LYSAKER;0
NO;1327;LYSAKER;0
NO;1328;HØVIK;0
NO;1329;LOMMEDALEN;0
NO;1330;FORNEBU;0
NO;1331;FORNEBU;0
NO;1332;ØSTERÅS;0
NO;1333;KOLSÅS;0
NO;1334;RYKKINN;0
NO;1335;SNARØYA;0
NO;1336;SANDVIKA;0
NO;1337;SANDVIKA;0
NO;1338;SANDVIKA;0
NO;1339;VØYENENGA;0
NO;1340;SKUI;0
NO;1341;SLEPENDEN;0
NO;1342;GJETTUM;0
NO;1344;HASLUM;0
NO;1346;GJETTUM;0
NO;1348;RYKKINN;0
NO;1349;RYKKINN;0
NO;1350;LOMMEDALEN;0
NO;1351;RUD;0
NO;1352;KOLSÅS;0
NO;1353;BÆRUMS VERK;0
NO;1354;BÆRUMS VERK;0
NO;1356;BEKKESTUA;0
NO;1357;BEKKESTUA;0
NO;1358;JAR;0
NO;1359;EIKSMARKA;0
NO;1360;FORNEBU;0
NO;1361;ØSTERÅS;0
NO;1362;HOSLE;0
NO;1363;HØVIK;0
NO;1364;FORNEBU;0
NO;1365;BLOMMENHOLM;0
NO;1366;LYSAKER;0
NO;1367;SNARØYA;0
NO;1368;STABEKK;0
NO;1369;STABEKK;0
NO;1371;ASKER;0
NO;1372;ASKER;0
NO;1373;ASKER;0
NO;1375;BILLINGSTAD;0
NO;1376;BILLINGSTAD;0
NO;1377;BILLINGSTAD;0
NO;1378;NESBRU;0
NO;1379;NESBRU;0
NO;1380;HEGGEDAL;0
NO;1381;VETTRE;0
NO;1383;ASKER;0
NO;1384;ASKER;0
NO;1385;ASKER;0
NO;1386;ASKER;0
NO;1387;ASKER;0
NO;1388;BORGEN;0
NO;1389;HEGGEDAL;0
NO;1390;VOLLEN;0
NO;1391;VOLLEN;0
NO;1392;VETTRE;0
NO;1393;VOLLEN;0
NO;1394;NESBRU;0
NO;1395;HVALSTAD;0
NO;1396;BILLINGSTAD;0
NO;1397;NESØYA;0
NO;1399;ASKER;0
NO;1400;SKI;0
NO;1401;SKI;0
NO;1402;SKI;0
NO;1403;LANGHUS;0
NO;1404;SIGGERUD;0
NO;1405;LANGHUS;0
NO;1406;SKI;0
NO;1407;VINTERBRO;0
NO;1408;KRÅKSTAD;0
NO;1409;SKOTBU;0
NO;1410;KOLBOTN;0
NO;1411;KOLBOTN;0
NO;1412;SOFIEMYR;0
NO;1413;TÅRNÅSEN;0
NO;1414;TROLLÅSEN;0
NO;1415;OPPEGÅRD;0
NO;1416;OPPEGÅRD;0
NO;1417;SOFIEMYR;0
NO;1418;KOLBOTN;0
NO;1419;OPPEGÅRD;0
NO;1420;SVARTSKOG;0
NO;1421;TROLLÅSEN;0
NO;1422;SIGGERUD;0
NO;1423;SKI;0
NO;1424;SKI;0
NO;1425;SKI;0
NO;1429;VINTERBRO;0
NO;1430;ÅS;0
NO;1431;ÅS;0
NO;1432;ÅS;0
NO;1433;ÅS;0
NO;1434;ÅS;0
NO;1435;ÅS;0
NO;1440;DRØBAK;0
NO;1441;DRØBAK;0
NO;1442;DRØBAK;0
NO;1443;DRØBAK;0
NO;1444;DRØBAK;0
NO;1445;DRØBAK;0
NO;1446;DRØBAK;0
NO;1447;DRØBAK;0
NO;1448;DRØBAK;0
NO;1449;DRØBAK;0
NO;1450;NESODDTANGEN;0
NO;1451;NESODDTANGEN;0
NO;1452;NESODDTANGEN;0
NO;1453;BJØRNEMYR;0
NO;1454;FAGERSTRAND;0
NO;1455;NORDRE FROGN;0
NO;1456;NESODDTANGEN;0
NO;1457;FAGERSTRAND;0
NO;1458;FJELLSTRAND;0
NO;1459;NESODDEN;0
NO;1461;LØRENSKOG;0
NO;1462;FJELLHAMAR;0
NO;1463;FJELLHAMAR;0
NO;1464;FJELLHAMAR;0
NO;1465;STRØMMEN;0
NO;1466;STRØMMEN;0
NO;1467;STRØMMEN;0
NO;1468;FINSTADJORDET;0
NO;1469;RASTA;0
NO;1470;LØRENSKOG;0
NO;1471;LØRENSKOG;0
NO;1472;FJELLHAMAR;0
NO;1473;LØRENSKOG;0
NO;1474;LØRENSKOG;0
NO;1475;FINSTADJORDET;0
NO;1476;RASTA;0
NO;1477;FJELLHAMAR;0
NO;1478;LØRENSKOG;0
NO;1479;KURLAND;0
NO;1480;SLATTUM;0
NO;1481;HAGAN;0
NO;1482;NITTEDAL;0
NO;1483;HAGAN;0
NO;1484;HAKADAL;0
NO;1485;HAKADAL;0
NO;1486;NITTEDAL;0
NO;1487;HAKADAL;0
NO;1488;HAKADAL;0
NO;1501;MOSS;0
NO;1502;MOSS;0
NO;1503;MOSS;0
NO;1504;MOSS;0
NO;1506;MOSS;0
NO;1508;MOSS;0
NO;1509;MOSS;0
NO;1510;MOSS;0
NO;1511;MOSS;0
NO;1512;MOSS;0
NO;1513;MOSS;0
NO;1514;MOSS;0
NO;1515;MOSS;0
NO;1516;MOSS;0
NO;1517;MOSS;0
NO;1518;MOSS;0
NO;1519;MOSS;0
NO;1520;MOSS;0
NO;1521;MOSS;0
NO;1522;MOSS;0
NO;1523;MOSS;0
NO;1524;MOSS;0
NO;1525;MOSS;0
NO;1526;MOSS;0
NO;1528;MOSS;0
NO;1529;MOSS;0
NO;1530;MOSS;0
NO;1531;MOSS;0
NO;1532;MOSS;0
NO;1533;MOSS;0
NO;1534;MOSS;0
NO;1535;MOSS;0
NO;1536;MOSS;0
NO;1537;MOSS;0
NO;1538;MOSS;0
NO;1539;MOSS;0
NO;1540;VESTBY;0
NO;1541;VESTBY;0
NO;1542;VESTBY;0
NO;1543;VESTBY;0
NO;1544;VESTBY;0
NO;1545;HVITSTEN;0
NO;1550;HØLEN;0
NO;1555;SON;0
NO;1556;SON;0
NO;1560;LARKOLLEN;0
NO;1561;LARKOLLEN;0
NO;1570;DILLING;0
NO;1580;RYGGE;0
NO;1581;RYGGE;0
NO;1590;RYGGE;0
NO;1591;SPERREBOTN;0
NO;1592;VÅLER I ØSTFOLD;0
NO;1593;SVINNDAL;0
NO;1594;VÅLER I ØSTFOLD;0
NO;1596;MOSS;0
NO;1597;MOSS;0
NO;1598;MOSS;0
NO;1599;MOSS;0
NO;1601;FREDRIKSTAD;0
NO;1602;FREDRIKSTAD;0
NO;1604;FREDRIKSTAD;0
NO;1605;FREDRIKSTAD;0
NO;1606;FREDRIKSTAD;0
NO;1607;FREDRIKSTAD;0
NO;1608;FREDRIKSTAD;0
NO;1609;FREDRIKSTAD;0
NO;1610;FREDRIKSTAD;0
NO;1612;FREDRIKSTAD;0
NO;1613;FREDRIKSTAD;0
NO;1614;FREDRIKSTAD;0
NO;1615;FREDRIKSTAD;0
NO;1616;FREDRIKSTAD;0
NO;1617;FREDRIKSTAD;0
NO;1618;FREDRIKSTAD;0
NO;1619;FREDRIKSTAD;0
NO;1620;GRESSVIK;0
NO;1621;GRESSVIK;0
NO;1622;GRESSVIK;0
NO;1623;GRESSVIK;0
NO;1624;GRESSVIK;0
NO;1625;MANSTAD;0
NO;1626;MANSTAD;0
NO;1628;ENGELSVIKEN;0
NO;1629;GAMLE FREDRIKSTAD;0
NO;1630;GAMLE FREDRIKSTAD;0
NO;1632;GAMLE FREDRIKSTAD;0
NO;1633;GAMLE FREDRIKSTAD;0
NO;1634;GAMLE FREDRIKSTAD;0
NO;1636;GAMLE FREDRIKSTAD;0
NO;1637;GAMLE FREDRIKSTAD;0
NO;1638;GAMLE FREDRIKSTAD;0
NO;1639;GAMLE FREDRIKSTAD;0
NO;1640;RÅDE;0
NO;1641;RÅDE;0
NO;1642;SALTNES;0
NO;1643;RÅDE;0
NO;1650;SELLEBAKK;0
NO;1651;SELLEBAKK;0
NO;1653;SELLEBAKK;0
NO;1654;SELLEBAKK;0
NO;1655;SELLEBAKK;0
NO;1657;TORP;0
NO;1658;TORP;0
NO;1659;TORP;0
NO;1661;ROLVSØY;0
NO;1662;ROLVSØY;0
NO;1663;ROLVSØY;0
NO;1664;ROLVSØY;0
NO;1665;ROLVSØY;0
NO;1666;ROLVSØY;0
NO;1667;ROLVSØY;0
NO;1670;KRÅKERØY;0
NO;1671;KRÅKERØY;0
NO;1672;KRÅKERØY;0
NO;1673;KRÅKERØY;0
NO;1675;KRÅKERØY;0
NO;1676;KRÅKERØY;0
NO;1678;KRÅKERØY;0
NO;1679;KRÅKERØY;0
NO;1680;SKJÆRHALDEN;0
NO;1682;SKJÆRHALDEN;0
NO;1683;VESTERØY;0
NO;1684;VESTERØY;0
NO;1690;HERFØL;0
NO;1692;NEDGÅRDEN;0
NO;1701;SARPSBORG;0
NO;1702;SARPSBORG;0
NO;1703;SARPSBORG;0
NO;1704;SARPSBORG;0
NO;1705;SARPSBORG;0
NO;1706;SARPSBORG;0
NO;1707;SARPSBORG;0
NO;1708;SARPSBORG;0
NO;1709;SARPSBORG;0
NO;1710;SARPSBORG;0
NO;1711;SARPSBORG;0
NO;1712;GRÅLUM;0
NO;1713;GRÅLUM;0
NO;1714;GRÅLUM;0
NO;1715;YVEN;0
NO;1718;GREÅKER;0
NO;1719;GREÅKER;0
NO;1720;GREÅKER;0
NO;1721;SARPSBORG;0
NO;1722;SARPSBORG;0
NO;1723;SARPSBORG;0
NO;1724;SARPSBORG;0
NO;1725;SARPSBORG;0
NO;1726;SARPSBORG;0
NO;1727;SARPSBORG;0
NO;1730;ISE;0
NO;1733;HAFSLUNDSØY;0
NO;1734;HAFSLUNDSØY;0
NO;1735;VARTEIG;0
NO;1738;BORGENHAUGEN;0
NO;1739;BORGENHAUGEN;0
NO;1740;BORGENHAUGEN;0
NO;1742;KLAVESTADHAUGEN;0
NO;1743;KLAVESTADHAUGEN;0
NO;1745;SKJEBERG;0
NO;1746;SKJEBERG;0
NO;1747;SKJEBERG;0
NO;1751;HALDEN;0
NO;1752;HALDEN;0
NO;1753;HALDEN;0
NO;1754;HALDEN;0
NO;1757;HALDEN;0
NO;1759;HALDEN;0
NO;1760;HALDEN;0
NO;1761;HALDEN;0
NO;1762;HALDEN;0
NO;1763;HALDEN;0
NO;1764;HALDEN;0
NO;1765;HALDEN;0
NO;1766;HALDEN;0
NO;1767;HALDEN;0
NO;1768;HALDEN;0
NO;1769;HALDEN;0
NO;1771;HALDEN;0
NO;1772;HALDEN;0
NO;1776;HALDEN;0
NO;1777;HALDEN;0
NO;1778;HALDEN;0
NO;1779;HALDEN;0
NO;1781;HALDEN;0
NO;1782;HALDEN;0
NO;1783;HALDEN;0
NO;1784;HALDEN;0
NO;1785;HALDEN;0
NO;1786;HALDEN;0
NO;1787;HALDEN;0
NO;1788;HALDEN;0
NO;1789;BERG I ØSTFOLD;0
NO;1790;TISTEDAL;0
NO;1791;TISTEDAL;0
NO;1792;TISTEDAL;0
NO;1793;TISTEDAL;0
NO;1794;SPONVIKA;0
NO;1796;KORNSJØ;0
NO;1798;AREMARK;0
NO;1799;AREMARK;0
NO;1801;ASKIM;0
NO;1802;ASKIM;0
NO;1803;ASKIM;0
NO;1804;SPYDEBERG;0
NO;1805;TOMTER;0
NO;1806;SKIPTVET;0
NO;1807;ASKIM;0
NO;1808;ASKIM;0
NO;1809;ASKIM;0
NO;1811;ASKIM;0
NO;1812;ASKIM;0
NO;1813;ASKIM;0
NO;1814;ASKIM;0
NO;1815;ASKIM;0
NO;1816;SKIPTVET;0
NO;1820;SPYDEBERG;0
NO;1821;SPYDEBERG;0
NO;1823;KNAPSTAD;0
NO;1825;TOMTER;0
NO;1827;HOBØL;0
NO;1828;HOBØL;0
NO;1830;ASKIM;0
NO;1831;ASKIM;0
NO;1832;ASKIM;0
NO;1833;ASKIM;0
NO;1850;MYSEN;0
NO;1851;MYSEN;0
NO;1852;MYSEN;0
NO;1859;SLITU;0
NO;1860;TRØGSTAD;0
NO;1861;TRØGSTAD;0
NO;1866;BÅSTAD;0
NO;1867;BÅSTAD;0
NO;1870;ØRJE;0
NO;1871;ØRJE;0
NO;1875;OTTEID;0
NO;1878;HÆRLAND;0
NO;1880;EIDSBERG;0
NO;1890;RAKKESTAD;0
NO;1891;RAKKESTAD;0
NO;1892;DEGERNES;0
NO;1893;DEGERNES;0
NO;1894;RAKKESTAD;0
NO;1900;FETSUND;0
NO;1901;FETSUND;0
NO;1903;GAN;0
NO;1910;ENEBAKKNESET;0
NO;1911;FLATEBY;0
NO;1912;ENEBAKK;0
NO;1914;YTRE ENEBAKK;0
NO;1916;FLATEBY;0
NO;1917;YTRE ENEBAKK;0
NO;1920;SØRUMSAND;0
NO;1921;SØRUMSAND;0
NO;1923;SØRUM;0
NO;1924;SØRUM;0
NO;1925;BLAKER;0
NO;1926;BLAKER;0
NO;1927;RÅNÅSFOSS;0
NO;1928;AULI;0
NO;1929;AULI;0
NO;1930;AURSKOG;0
NO;1931;AURSKOG;0
NO;1940;BJØRKELANGEN;0
NO;1941;BJØRKELANGEN;0
NO;1950;RØMSKOG;0
NO;1954;SETSKOG;0
NO;1960;LØKEN;0
NO;1961;LØKEN;0
NO;1963;FOSSER;0
NO;1970;HEMNES;0
NO;1971;HEMNES;0
NO;2000;LILLESTRØM;0
NO;2001;LILLESTRØM;0
NO;2003;LILLESTRØM;0
NO;2004;LILLESTRØM;0
NO;2005;RÆLINGEN;0
NO;2006;LØVENSTAD;0
NO;2007;KJELLER;0
NO;2008;FJERDINGBY;0
NO;2009;NORDBY;0
NO;2010;STRØMMEN;0
NO;2011;STRØMMEN;0
NO;2012;LILLESTRØM;0
NO;2013;SKJETTEN;0
NO;2014;BLYSTADLIA;0
NO;2015;LEIRSUND;0
NO;2016;FROGNER;0
NO;2017;FROGNER;0
NO;2018;LØVENSTAD;0
NO;2019;SKEDSMOKORSET;0
NO;2020;SKEDSMOKORSET;0
NO;2021;SKEDSMOKORSET;0
NO;2022;GJERDRUM;0
NO;2023;SKEDSMOKORSET;0
NO;2024;GJERDRUM;0
NO;2025;FJERDINGBY;0
NO;2026;SKJETTEN;0
NO;2027;KJELLER;0
NO;2028;LILLESTRØM;0
NO;2029;RÆLINGEN;0
NO;2030;NANNESTAD;0
NO;2031;NANNESTAD;0
NO;2032;MAURA;0
NO;2033;ÅSGREINA;0
NO;2034;HOLTER;0
NO;2035;HOLTER;0
NO;2036;MAURA;0
NO;2040;KLØFTA;0
NO;2041;KLØFTA;0
NO;2050;JESSHEIM;0
NO;2051;JESSHEIM;0
NO;2052;JESSHEIM;0
NO;2053;JESSHEIM;0
NO;2054;MOGREINA;0
NO;2055;NORDKISA;0
NO;2056;ALGARHEIM;0
NO;2057;JESSHEIM;0
NO;2058;SESSVOLLMOEN;0
NO;2060;GARDERMOEN;0
NO;2061;GARDERMOEN;0
NO;2062;JESSHEIM;0
NO;2063;JESSHEIM;0
NO;2066;JESSHEIM;0
NO;2067;JESSHEIM;0
NO;2068;JESSHEIM;0
NO;2069;JESSHEIM;0
NO;2070;RÅHOLT;0
NO;2071;RÅHOLT;0
NO;2072;DAL;0
NO;2073;BØN;0
NO;2074;EIDSVOLL VERK;0
NO;2076;DAL;0
NO;2080;EIDSVOLL;0
NO;2081;EIDSVOLL;0
NO;2090;HURDAL;0
NO;2091;HURDAL;0
NO;2092;MINNESUND;0
NO;2093;FEIRING;0
NO;2094;MINNESUND;0
NO;2100;SKARNES;0
NO;2101;SKARNES;0
NO;2110;SLÅSTAD;0
NO;2114;DISENÅ;0
NO;2116;SANDER;0
NO;2120;SAGSTUA;0
NO;2121;SAGSTUA;0
NO;2123;BRUVOLL;0
NO;2130;KNAPPER;0
NO;2132;GARDVIK;0
NO;2133;GARDVIK;0
NO;2134;AUSTVATN;0
NO;2150;ÅRNES;0
NO;2151;ÅRNES;0
NO;2160;VORMSUND;0
NO;2161;VORMSUND;0
NO;2162;BRÅRUD;0
NO;2163;SKOGBYGDA;0
NO;2164;SKOGBYGDA;0
NO;2165;HVAM;0
NO;2166;OPPAKER;0
NO;2167;HVAM;0
NO;2170;FENSTAD;0
NO;2201;KONGSVINGER;0
NO;2202;KONGSVINGER;0
NO;2203;KONGSVINGER;0
NO;2204;KONGSVINGER;0
NO;2205;KONGSVINGER;0
NO;2206;KONGSVINGER;0
NO;2207;KONGSVINGER;0
NO;2208;KONGSVINGER;0
NO;2209;KONGSVINGER;0
NO;2210;GRANLI;0
NO;2211;KONGSVINGER;0
NO;2212;KONGSVINGER;0
NO;2213;KONGSVINGER;0
NO;2214;KONGSVINGER;0
NO;2215;ROVERUD;0
NO;2216;ROVERUD;0
NO;2217;HOKKÅSEN;0
NO;2218;LUNDERSÆTER;0
NO;2219;BRANDVAL;0
NO;2220;ÅBOGEN;0
NO;2223;GALTERUD;0
NO;2224;AUSTMARKA;0
NO;2225;KONGSVINGER;0
NO;2226;KONGSVINGER;0
NO;2227;AUSTMARKA;0
NO;2230;SKOTTERUD;0
NO;2231;SKOTTERUD;0
NO;2232;TOBØL;0
NO;2233;VESTMARKA;0
NO;2235;MATRAND;0
NO;2240;MAGNOR;0
NO;2241;MAGNOR;0
NO;2251;GRUE FINNSKOG;0
NO;2256;GRUE FINNSKOG;0
NO;2260;KIRKENÆR;0
NO;2261;KIRKENÆR;0
NO;2264;GRINDER;0
NO;2265;NAMNÅ;0
NO;2266;ARNEBERG;0
NO;2270;FLISA;0
NO;2271;FLISA;0
NO;2280;GJESÅSEN;0
NO;2283;ÅSNES FINNSKOG;0
NO;2301;HAMAR;0
NO;2302;HAMAR;0
NO;2303;HAMAR;0
NO;2304;HAMAR;0
NO;2305;HAMAR;0
NO;2306;HAMAR;0
NO;2307;HAMAR;0
NO;2308;HAMAR;0
NO;2309;HAMAR;0
NO;2311;HAMAR;0
NO;2312;OTTESTAD;0
NO;2313;OTTESTAD;0
NO;2314;OTTESTAD;0
NO;2315;HAMAR;0
NO;2316;HAMAR;0
NO;2317;HAMAR;0
NO;2318;HAMAR;0
NO;2319;HAMAR;0
NO;2320;FURNES;0
NO;2321;HAMAR;0
NO;2322;RIDABU;0
NO;2323;INGEBERG;0
NO;2324;VANG PÅ HEDMARKEN;0
NO;2325;HAMAR;0
NO;2326;HAMAR;0
NO;2327;FURNES;0
NO;2328;RIDABU;0
NO;2329;VANG PÅ HEDMARKEN;0
NO;2330;VALLSET;0
NO;2331;VALLSET;0
NO;2332;ÅSVANG;0
NO;2333;ROMEDAL;0
NO;2334;ROMEDAL;0
NO;2335;STANGE;0
NO;2336;STANGE;0
NO;2337;TANGEN;0
NO;2338;ESPA;0
NO;2339;TANGEN;0
NO;2340;LØTEN;0
NO;2341;LØTEN;0
NO;2344;ILSENG;0
NO;2345;ÅDALSBRUK;0
NO;2346;ILSENG;0
NO;2350;NES PÅ HEDMARKEN;0
NO;2351;NES PÅ HEDMARKEN;0
NO;2353;STAVSJØ;0
NO;2355;GAUPEN;0
NO;2360;RUDSHØGDA;0
NO;2361;RUDSHØGDA;0
NO;2364;NÆROSET;0
NO;2365;ÅSMARKA;0
NO;2372;BRØTTUM;0
NO;2373;BRØTTUM;0
NO;2380;BRUMUNDDAL;0
NO;2381;BRUMUNDDAL;0
NO;2382;BRUMUNDDAL;0
NO;2383;BRUMUNDDAL;0
NO;2384;BRUMUNDDAL;0
NO;2385;BRUMUNDDAL;0
NO;2386;BRUMUNDDAL;0
NO;2387;BRUMUNDDAL;0
NO;2388;BRUMUNDDAL;0
NO;2389;BRUMUNDDAL;0
NO;2390;MOELV;0
NO;2391;MOELV;0
NO;2401;ELVERUM;0
NO;2402;ELVERUM;0
NO;2403;ELVERUM;0
NO;2404;ELVERUM;0
NO;2405;ELVERUM;0
NO;2406;ELVERUM;0
NO;2407;ELVERUM;0
NO;2408;ELVERUM;0
NO;2409;ELVERUM;0
NO;2410;HERNES;0
NO;2411;ELVERUM;0
NO;2412;SØRSKOGBYGDA;0
NO;2413;ELVERUM;0
NO;2414;ELVERUM;0
NO;2415;HERADSBYGD;0
NO;2416;JØMNA;0
NO;2417;ELVERUM;0
NO;2418;ELVERUM;0
NO;2419;ELVERUM;0
NO;2420;TRYSIL;0
NO;2421;TRYSIL;0
NO;2422;NYBERGSUND;0
NO;2423;ØSTBY;0
NO;2424;ØSTBY;0
NO;2425;LJØRDALEN;0
NO;2426;LJØRDALEN;0
NO;2427;PLASSEN;0
NO;2428;SØRE OSEN;0
NO;2429;TØRBERGET;0
NO;2430;JORDET;0
NO;2432;SLETTÅS;0
NO;2434;BRASKEREIDFOSS;0
NO;2435;BRASKEREIDFOSS;0
NO;2436;VÅLER I SOLØR;0
NO;2437;HASLEMOEN;0
NO;2438;GRAVBERGET;0
NO;2439;VÅLER I SOLØR;0
NO;2440;ENGERDAL;0
NO;2441;ENGERDAL;0
NO;2442;HERADSBYGD;0
NO;2443;DREVSJØ;0
NO;2444;DREVSJØ;0
NO;2446;ELGÅ;0
NO;2447;SØRE OSEN;0
NO;2448;SØMÅDALEN;0
NO;2450;RENA;0
NO;2451;RENA;0
NO;2460;OSEN;0
NO;2461;OSEN;0
NO;2476;ATNA;0
NO;2477;SOLLIA;0
NO;2478;HANESTAD;0
NO;2480;KOPPANG;0
NO;2481;KOPPANG;0
NO;2484;RENDALEN;0
NO;2485;RENDALEN;0
NO;2486;RENDALEN;0
NO;2487;RENDALEN;0
NO;2488;RENDALEN;0
NO;2500;TYNSET;0
NO;2501;TYNSET;0
NO;2510;TYLLDALEN;0
NO;2512;KVIKNE;0
NO;2513;KVIKNE;0
NO;2540;TOLGA;0
NO;2541;TOLGA;0
NO;2542;VINGELEN;0
NO;2544;ØVERSJØDALEN;0
NO;2550;OS I ØSTERDALEN;0
NO;2551;OS I ØSTERDALEN;0
NO;2552;DALSBYGDA;0
NO;2555;TUFSINGDALEN;0
NO;2560;ALVDAL;0
NO;2561;ALVDAL;0
NO;2580;FOLLDAL;0
NO;2581;FOLLDAL;0
NO;2582;GRIMSBU;0
NO;2584;DALHOLEN;0
NO;2601;LILLEHAMMER;0
NO;2602;LILLEHAMMER;0
NO;2603;LILLEHAMMER;0
NO;2604;LILLEHAMMER;0
NO;2605;LILLEHAMMER;0
NO;2606;LILLEHAMMER;0
NO;2607;VINGROM;0
NO;2608;LILLEHAMMER;0
NO;2609;LILLEHAMMER;0
NO;2610;MESNALI;0
NO;2611;LILLEHAMMER;0
NO;2612;SJUSJØEN;0
NO;2613;LILLEHAMMER;0
NO;2614;LILLEHAMMER;0
NO;2615;LILLEHAMMER;0
NO;2616;LISMARKA;0
NO;2617;LILLEHAMMER;0
NO;2618;LILLEHAMMER;0
NO;2619;LILLEHAMMER;0
NO;2620;MESNALI;0
NO;2621;VINGROM;0
NO;2622;LILLEHAMMER;0
NO;2623;LILLEHAMMER;0
NO;2624;LILLEHAMMER;0
NO;2625;FÅBERG;0
NO;2626;LILLEHAMMER;0
NO;2627;FÅBERG;0
NO;2628;SJUSJØEN;0
NO;2629;LILLEHAMMER;0
NO;2630;RINGEBU;0
NO;2631;RINGEBU;0
NO;2632;VENABYGD;0
NO;2633;FÅVANG;0
NO;2634;FÅVANG;0
NO;2635;TRETTEN;0
NO;2636;ØYER;0
NO;2637;ØYER;0
NO;2638;TRETTEN;0
NO;2639;VINSTRA;0
NO;2640;VINSTRA;0
NO;2641;KVAM;0
NO;2642;KVAM;0
NO;2643;SKÅBU;0
NO;2644;SKÅBU;0
NO;2645;SØR-FRON;0
NO;2646;GÅLÅ;0
NO;2647;SØR-FRON;0
NO;2648;SØR-FRON;0
NO;2649;ØSTRE GAUSDAL;0
NO;2651;ØSTRE GAUSDAL;0
NO;2652;SVINGVOLL;0
NO;2653;VESTRE GAUSDAL;0
NO;2654;VESTRE GAUSDAL;0
NO;2656;FOLLEBU;0
NO;2657;SVATSUM;0
NO;2658;ESPEDALEN;0
NO;2659;DOMBÅS;0
NO;2660;DOMBÅS;0
NO;2661;HJERKINN;0
NO;2662;DOVRE;0
NO;2663;DOVRESKOGEN;0
NO;2664;DOVRE;0
NO;2665;LESJA;0
NO;2666;LORA;0
NO;2667;LESJAVERK;0
NO;2668;LESJASKOG;0
NO;2669;BJORLI;0
NO;2670;OTTA;0
NO;2671;LESJA;0
NO;2672;SEL;0
NO;2673;HØVRINGEN;0
NO;2674;MYSUSÆTER;0
NO;2675;OTTA;0
NO;2676;HEIDAL;0
NO;2677;NEDRE HEIDAL;0
NO;2678;SEL;0
NO;2679;HEIDAL;0
NO;2680;VÅGÅ;0
NO;2681;LALM;0
NO;2682;LALM;0
NO;2683;TESSANDEN;0
NO;2684;VÅGÅ;0
NO;2685;GARMO;0
NO;2686;LOM;0
NO;2687;BØVERDALEN;0
NO;2688;LOM;0
NO;2690;SKJÅK;0
NO;2693;NORDBERG;0
NO;2694;SKJÅK;0
NO;2695;GROTLI;0
NO;2711;GRAN;0
NO;2712;BRANDBU;0
NO;2713;ROA;0
NO;2714;JAREN;0
NO;2715;LUNNER;0
NO;2716;HARESTUA;0
NO;2717;GRUA;0
NO;2718;BRANDBU;0
NO;2720;GRINDVOLL;0
NO;2730;LUNNER;0
NO;2740;ROA;0
NO;2742;GRUA;0
NO;2743;HARESTUA;0
NO;2750;GRAN;0
NO;2760;BRANDBU;0
NO;2770;JAREN;0
NO;2801;GJØVIK;0
NO;2802;GJØVIK;0
NO;2803;GJØVIK;0
NO;2804;GJØVIK;0
NO;2805;GJØVIK;0
NO;2806;GJØVIK;0
NO;2807;HUNNDALEN;0
NO;2808;GJØVIK;0
NO;2809;GJØVIK;0
NO;2810;GJØVIK;0
NO;2811;HUNNDALEN;0
NO;2812;GJØVIK;0
NO;2815;GJØVIK;0
NO;2816;GJØVIK;0
NO;2817;GJØVIK;0
NO;2818;GJØVIK;0
NO;2819;GJØVIK;0
NO;2820;NORDRE TOTEN;0
NO;2821;GJØVIK;0
NO;2822;BYBRUA;0
NO;2825;GJØVIK;0
NO;2827;HUNNDALEN;0
NO;2830;RAUFOSS;0
NO;2831;RAUFOSS;0
NO;2832;BIRI;0
NO;2833;RAUFOSS;0
NO;2834;RAUFOSS;0
NO;2835;RAUFOSS;0
NO;2836;BIRI;0
NO;2837;BIRISTRAND;0
NO;2838;SNERTINGDAL;0
NO;2839;ØVRE SNERTINGDAL;0
NO;2840;REINSVOLL;0
NO;2841;SNERTINGDAL;0
NO;2843;EINA;0
NO;2844;KOLBU;0
NO;2845;BØVERBRU;0
NO;2846;BØVERBRU;0
NO;2847;KOLBU;0
NO;2848;SKREIA;0
NO;2849;KAPP;0
NO;2850;LENA;0
NO;2851;LENA;0
NO;2853;REINSVOLL;0
NO;2854;EINA;0
NO;2857;SKREIA;0
NO;2858;KAPP;0
NO;2860;HOV;0
NO;2861;LANDÅSBYGDA;0
NO;2862;FLUBERG;0
NO;2863;VESTSIDA;0
NO;2864;FALL;0
NO;2866;ENGER;0
NO;2867;HOV;0
NO;2870;DOKKA;0
NO;2879;ODNES;0
NO;2880;NORD-TORPA;0
NO;2881;AUST-TORPA;0
NO;2882;DOKKA;0
NO;2890;ETNEDAL;0
NO;2893;ETNEDAL;0
NO;2900;FAGERNES;0
NO;2901;FAGERNES;0
NO;2907;LEIRA I VALDRES;0
NO;2909;AURDAL;0
NO;2910;AURDAL;0
NO;2917;SKRAUTVÅL;0
NO;2918;ULNES;0
NO;2920;LEIRA I VALDRES;0
NO;2923;TISLEIDALEN;0
NO;2929;BAGN;0
NO;2930;BAGN;0
NO;2933;REINLI;0
NO;2936;BEGNADALEN;0
NO;2937;BEGNA;0
NO;2939;HEGGENES;0
NO;2940;HEGGENES;0
NO;2943;ROGNE;0
NO;2950;SKAMMESTEIN;0
NO;2952;BEITO;0
NO;2953;BEITOSTØLEN;0
NO;2954;BEITOSTØLEN;0
NO;2959;RØN;0
NO;2960;RØN;0
NO;2965;SLIDRE;0
NO;2966;SLIDRE;0
NO;2967;LOMEN;0
NO;2972;RYFOSS;0
NO;2973;RYFOSS;0
NO;2974;VANG I VALDRES;0
NO;2975;VANG I VALDRES;0
NO;2977;ØYE;0
NO;2985;TYINKRYSSET;0
NO;3001;DRAMMEN;0
NO;3002;DRAMMEN;0
NO;3003;DRAMMEN;0
NO;3004;DRAMMEN;0
NO;3005;DRAMMEN;0
NO;3006;DRAMMEN;0
NO;3007;DRAMMEN;0
NO;3008;DRAMMEN;0
NO;3009;DRAMMEN;0
NO;3010;DRAMMEN;0
NO;3011;DRAMMEN;0
NO;3012;DRAMMEN;0
NO;3013;DRAMMEN;0
NO;3014;DRAMMEN;0
NO;3015;DRAMMEN;0
NO;3016;DRAMMEN;0
NO;3017;DRAMMEN;0
NO;3018;DRAMMEN;0
NO;3019;DRAMMEN;0
NO;3021;DRAMMEN;0
NO;3022;DRAMMEN;0
NO;3023;DRAMMEN;0
NO;3024;DRAMMEN;0
NO;3025;DRAMMEN;0
NO;3026;DRAMMEN;0
NO;3027;DRAMMEN;0
NO;3028;DRAMMEN;0
NO;3029;DRAMMEN;0
NO;3030;DRAMMEN;0
NO;3031;DRAMMEN;0
NO;3032;DRAMMEN;0
NO;3033;DRAMMEN;0
NO;3034;DRAMMEN;0
NO;3035;DRAMMEN;0
NO;3036;DRAMMEN;0
NO;3037;DRAMMEN;0
NO;3038;DRAMMEN;0
NO;3039;DRAMMEN;0
NO;3040;DRAMMEN;0
NO;3041;DRAMMEN;0
NO;3042;DRAMMEN;0
NO;3043;DRAMMEN;0
NO;3044;DRAMMEN;0
NO;3045;DRAMMEN;0
NO;3046;DRAMMEN;0
NO;3047;DRAMMEN;0
NO;3048;DRAMMEN;0
NO;3050;MJØNDALEN;0
NO;3051;MJØNDALEN;0
NO;3053;STEINBERG;0
NO;3054;KROKSTADELVA;0
NO;3055;KROKSTADELVA;0
NO;3056;SOLBERGELVA;0
NO;3057;SOLBERGELVA;0
NO;3058;SOLBERGMOEN;0
NO;3060;SVELVIK;0
NO;3061;SVELVIK;0
NO;3063;DRAMMEN;0
NO;3064;DRAMMEN;0
NO;3065;DRAMMEN;0
NO;3066;DRAMMEN;0
NO;3070;SANDE I VESTFOLD;0
NO;3071;SANDE I VESTFOLD;0
NO;3072;SANDE I VESTFOLD;0
NO;3073;SANDE I VESTFOLD;0
NO;3074;SANDE I VESTFOLD;0
NO;3075;BERGER;0
NO;3076;SANDE I VESTFOLD;0
NO;3077;SANDE I VESTFOLD;0
NO;3080;HOLMESTRAND;0
NO;3081;HOLMESTRAND;0
NO;3082;HOLMESTRAND;0
NO;3083;HOLMESTRAND;0
NO;3084;HOLMESTRAND;0
NO;3085;HOLMESTRAND;0
NO;3086;HOLMESTRAND;0
NO;3087;HOLMESTRAND;0
NO;3088;HOLMESTRAND;0
NO;3089;HOLMESTRAND;0
NO;3090;HOF;0
NO;3091;HOF;0
NO;3092;SUNDBYFOSS;0
NO;3095;EIDSFOSS;0
NO;3101;TØNSBERG;0
NO;3103;TØNSBERG;0
NO;3104;TØNSBERG;0
NO;3105;TØNSBERG;0
NO;3106;NØTTERØY;0
NO;3107;SEM;0
NO;3108;VEAR;0
NO;3109;TØNSBERG;0
NO;3110;TØNSBERG;0
NO;3111;TØNSBERG;0
NO;3112;TØNSBERG;0
NO;3113;TØNSBERG;0
NO;3114;TØNSBERG;0
NO;3115;TØNSBERG;0
NO;3116;TØNSBERG;0
NO;3117;TØNSBERG;0
NO;3118;TØNSBERG;0
NO;3119;TØNSBERG;0
NO;3120;NØTTERØY;0
NO;3121;NØTTERØY;0
NO;3122;TØNSBERG;0
NO;3123;TØNSBERG;0
NO;3124;TØNSBERG;0
NO;3125;TØNSBERG;0
NO;3126;TØNSBERG;0
NO;3127;TØNSBERG;0
NO;3128;NØTTERØY;0
NO;3129;TØNSBERG;0
NO;3131;HUSØYSUND;0
NO;3132;HUSØYSUND;0
NO;3133;DUKEN;0
NO;3134;TØNSBERG;0
NO;3135;TORØD;0
NO;3137;TORØD;0
NO;3138;SKALLESTAD;0
NO;3139;SKALLESTAD;0
NO;3140;NØTTERØY;0
NO;3141;KJØPMANNSKJÆR;0
NO;3142;VESTSKOGEN;0
NO;3143;KJØPMANNSKJÆR;0
NO;3144;VEIERLAND;0
NO;3145;TJØME;0
NO;3148;HVASSER;0
NO;3150;TOLVSRØD;0
NO;3151;TOLVSRØD;0
NO;3152;TOLVSRØD;0
NO;3153;TOLVSRØD;0
NO;3154;TOLVSRØD;0
NO;3156;MELSOMVIK;0
NO;3157;BARKÅKER;0
NO;3158;ANDEBU;0
NO;3159;MELSOMVIK;0
NO;3160;STOKKE;0
NO;3161;STOKKE;0
NO;3162;ANDEBU;0
NO;3163;NØTTERØY;0
NO;3164;REVETAL;0
NO;3165;TJØME;0
NO;3166;TOLVSRØD;0
NO;3167;ÅSGÅRDSTRAND;0
NO;3168;MELSOMVIK;0
NO;3169;STOKKE;0
NO;3170;SEM;0
NO;3171;SEM;0
NO;3172;VEAR;0
NO;3173;VEAR;0
NO;3174;REVETAL;0
NO;3175;RAMNES;0
NO;3176;UNDRUMSDAL;0
NO;3177;VÅLE;0
NO;3178;VÅLE;0
NO;3179;ÅSGÅRDSTRAND;0
NO;3180;NYKIRKE;0
NO;3181;HORTEN;0
NO;3182;HORTEN;0
NO;3183;HORTEN;0
NO;3184;BORRE;0
NO;3185;SKOPPUM;0
NO;3186;HORTEN;0
NO;3187;HORTEN;0
NO;3188;HORTEN;0
NO;3189;HORTEN;0
NO;3191;HORTEN;0
NO;3192;HORTEN;0
NO;3193;HORTEN;0
NO;3194;HORTEN;0
NO;3195;SKOPPUM;0
NO;3196;HORTEN;0
NO;3197;NYKIRKE;0
NO;3199;BORRE;0
NO;3201;SANDEFJORD;0
NO;3202;SANDEFJORD;0
NO;3203;SANDEFJORD;0
NO;3204;SANDEFJORD;0
NO;3205;SANDEFJORD;0
NO;3206;SANDEFJORD;0
NO;3207;SANDEFJORD;0
NO;3208;SANDEFJORD;0
NO;3209;SANDEFJORD;0
NO;3210;SANDEFJORD;0
NO;3211;SANDEFJORD;0
NO;3212;SANDEFJORD;0
NO;3213;SANDEFJORD;0
NO;3214;SANDEFJORD;0
NO;3215;SANDEFJORD;0
NO;3216;SANDEFJORD;0
NO;3217;SANDEFJORD;0
NO;3218;SANDEFJORD;0
NO;3219;SANDEFJORD;0
NO;3220;SANDEFJORD;0
NO;3221;SANDEFJORD;0
NO;3222;SANDEFJORD;0
NO;3223;SANDEFJORD;0
NO;3224;SANDEFJORD;0
NO;3225;SANDEFJORD;0
NO;3226;SANDEFJORD;0
NO;3227;SANDEFJORD;0
NO;3228;SANDEFJORD;0
NO;3229;SANDEFJORD;0
NO;3230;SANDEFJORD;0
NO;3231;SANDEFJORD;0
NO;3232;SANDEFJORD;0
NO;3233;SANDEFJORD;0
NO;3234;SANDEFJORD;0
NO;3235;SANDEFJORD;0
NO;3236;SANDEFJORD;0
NO;3237;SANDEFJORD;0
NO;3238;SANDEFJORD;0
NO;3239;SANDEFJORD;0
NO;3240;SANDEFJORD;0
NO;3241;SANDEFJORD;0
NO;3242;SANDEFJORD;0
NO;3243;KODAL;0
NO;3244;SANDEFJORD;0
NO;3245;KODAL;0
NO;3246;SANDEFJORD;0
NO;3247;SANDEFJORD;0
NO;3248;SANDEFJORD;0
NO;3249;SANDEFJORD;0
NO;3251;LARVIK;0
NO;3252;LARVIK;0
NO;3253;LARVIK;0
NO;3254;LARVIK;0
NO;3255;LARVIK;0
NO;3256;LARVIK;0
NO;3257;LARVIK;0
NO;3258;LARVIK;0
NO;3259;LARVIK;0
NO;3260;LARVIK;0
NO;3261;LARVIK;0
NO;3262;LARVIK;0
NO;3263;LARVIK;0
NO;3264;LARVIK;0
NO;3265;LARVIK;0
NO;3267;LARVIK;0
NO;3268;LARVIK;0
NO;3269;LARVIK;0
NO;3270;LARVIK;0
NO;3271;LARVIK;0
NO;3274;LARVIK;0
NO;3275;SVARSTAD;0
NO;3276;SVARSTAD;0
NO;3277;STEINSHOLT;0
NO;3280;TJODALYNG;0
NO;3281;TJODALYNG;0
NO;3282;KVELDE;0
NO;3284;KVELDE;0
NO;3285;LARVIK;0
NO;3290;STAVERN;0
NO;3291;STAVERN;0
NO;3292;STAVERN;0
NO;3294;STAVERN;0
NO;3295;HELGEROA;0
NO;3296;NEVLUNGHAVN;0
NO;3297;HELGEROA;0
NO;3300;HOKKSUND;0
NO;3301;HOKKSUND;0
NO;3302;HOKKSUND;0
NO;3303;HOKKSUND;0
NO;3320;VESTFOSSEN;0
NO;3321;VESTFOSSEN;0
NO;3322;FISKUM;0
NO;3330;SKOTSELV;0
NO;3331;SKOTSELV;0
NO;3340;ÅMOT;0
NO;3341;ÅMOT;0
NO;3342;ÅMOT;0
NO;3350;PRESTFOSS;0
NO;3351;PRESTFOSS;0
NO;3355;SOLUMSMOEN;0
NO;3357;EGGEDAL;0
NO;3358;NEDRE EGGEDAL;0
NO;3359;EGGEDAL;0
NO;3360;GEITHUS;0
NO;3361;GEITHUS;0
NO;3370;VIKERSUND;0
NO;3371;VIKERSUND;0
NO;3401;LIER;0
NO;3402;LIER;0
NO;3403;LIER;0
NO;3404;LIER;0
NO;3405;LIER;0
NO;3406;TRANBY;0
NO;3407;TRANBY;0
NO;3408;TRANBY;0
NO;3409;TRANBY;0
NO;3410;SYLLING;0
NO;3411;SYLLING;0
NO;3412;LIERSTRANDA;0
NO;3413;LIER;0
NO;3414;LIERSTRANDA;0
NO;3420;LIERSKOGEN;0
NO;3421;LIERSKOGEN;0
NO;3425;REISTAD;0
NO;3426;GULLAUG;0
NO;3427;GULLAUG;0
NO;3428;GULLAUG;0
NO;3430;SPIKKESTAD;0
NO;3431;SPIKKESTAD;0
NO;3440;RØYKEN;0
NO;3441;RØYKEN;0
NO;3442;HYGGEN;0
NO;3470;SLEMMESTAD;0
NO;3471;SLEMMESTAD;0
NO;3472;BØDALEN;0
NO;3474;ÅROS;0
NO;3475;SÆTRE;0
NO;3476;SÆTRE;0
NO;3477;BÅTSTØ;0
NO;3478;NÆRSNES;0
NO;3479;NÆRSNES;0
NO;3480;FILTVET;0
NO;3481;TOFTE;0
NO;3482;TOFTE;0
NO;3483;KANA;0
NO;3484;HOLMSBU;0
NO;3485;FILTVET;0
NO;3490;KLOKKARSTUA;0
NO;3501;HØNEFOSS;0
NO;3502;HØNEFOSS;0
NO;3503;HØNEFOSS;0
NO;3504;HØNEFOSS;0
NO;3507;HØNEFOSS;0
NO;3510;HØNEFOSS;0
NO;3511;HØNEFOSS;0
NO;3512;HØNEFOSS;0
NO;3513;HØNEFOSS;0
NO;3514;HØNEFOSS;0
NO;3515;HØNEFOSS;0
NO;3516;HØNEFOSS;0
NO;3517;HØNEFOSS;0
NO;3518;HØNEFOSS;0
NO;3519;HØNEFOSS;0
NO;3520;JEVNAKER;0
NO;3521;JEVNAKER;0
NO;3522;BJONEROA;0
NO;3523;NES I ÅDAL;0
NO;3524;NES I ÅDAL;0
NO;3525;HALLINGBY;0
NO;3526;HALLINGBY;0
NO;3527;BJONEROA;0
NO;3528;HEDALEN;0
NO;3529;RØYSE;0
NO;3530;RØYSE;0
NO;3531;KROKKLEIVA;0
NO;3532;TYRISTRAND;0
NO;3533;TYRISTRAND;0
NO;3534;SOKNA;0
NO;3535;KRØDEREN;0
NO;3536;NORESUND;0
NO;3537;KRØDEREN;0
NO;3538;SOLLIHØGDA;0
NO;3539;FLÅ;0
NO;3540;NESBYEN;0
NO;3541;NESBYEN;0
NO;3543;NORESUND;0
NO;3544;TUNHOVD;0
NO;3545;FLÅ;0
NO;3550;GOL;0
NO;3551;GOL;0
NO;3560;HEMSEDAL;0
NO;3561;HEMSEDAL;0
NO;3570;ÅL;0
NO;3571;ÅL;0
NO;3575;HOL;0
NO;3576;HOL;0
NO;3577;HOVET;0
NO;3579;TORPO;0
NO;3580;GEILO;0
NO;3581;GEILO;0
NO;3588;DAGALI;0
NO;3593;USTAOSET;0
NO;3595;HAUGASTØL;0
NO;3601;KONGSBERG;0
NO;3602;KONGSBERG;0
NO;3603;KONGSBERG;0
NO;3604;KONGSBERG;0
NO;3605;KONGSBERG;0
NO;3606;KONGSBERG;0
NO;3607;KONGSBERG;0
NO;3608;HEISTADMOEN;0
NO;3609;KONGSBERG;0
NO;3610;KONGSBERG;0
NO;3611;KONGSBERG;0
NO;3612;KONGSBERG;0
NO;3613;KONGSBERG;0
NO;3614;KONGSBERG;0
NO;3615;KONGSBERG;0
NO;3616;KONGSBERG;0
NO;3617;KONGSBERG;0
NO;3618;SKOLLENBORG;0
NO;3619;SKOLLENBORG;0
NO;3620;FLESBERG;0
NO;3621;LAMPELAND;0
NO;3622;SVENE;0
NO;3623;LAMPELAND;0
NO;3624;LYNGDAL I NUMEDAL;0
NO;3625;SKOLLENBORG;0
NO;3626;ROLLAG;0
NO;3627;VEGGLI;0
NO;3628;VEGGLI;0
NO;3629;NORE;0
NO;3630;RØDBERG;0
NO;3631;RØDBERG;0
NO;3632;UVDAL;0
NO;3634;NORE;0
NO;3646;HVITTINGFOSS;0
NO;3647;HVITTINGFOSS;0
NO;3648;PASSEBEKK;0
NO;3650;TINN AUSTBYGD;0
NO;3652;HOVIN I TELEMARK;0
NO;3656;ATRÅ;0
NO;3658;MILAND;0
NO;3660;RJUKAN;0
NO;3661;RJUKAN;0
NO;3665;SAULAND;0
NO;3666;ATRÅ;0
NO;3671;NOTODDEN;0
NO;3672;NOTODDEN;0
NO;3673;NOTODDEN;0
NO;3674;NOTODDEN;0
NO;3675;NOTODDEN;0
NO;3676;NOTODDEN;0
NO;3677;NOTODDEN;0
NO;3678;NOTODDEN;0
NO;3679;NOTODDEN;0
NO;3680;NOTODDEN;0
NO;3681;NOTODDEN;0
NO;3683;NOTODDEN;0
NO;3684;NOTODDEN;0
NO;3690;HJARTDAL;0
NO;3691;GRANSHERAD;0
NO;3692;SAULAND;0
NO;3697;TUDDAL;0
NO;3701;SKIEN;0
NO;3702;SKIEN;0
NO;3703;SKIEN;0
NO;3704;SKIEN;0
NO;3705;SKIEN;0
NO;3707;SKIEN;0
NO;3710;SKIEN;0
NO;3711;SKIEN;0
NO;3712;SKIEN;0
NO;3713;SKIEN;0
NO;3714;SKIEN;0
NO;3715;SKIEN;0
NO;3716;SKIEN;0
NO;3717;SKIEN;0
NO;3718;SKIEN;0
NO;3719;SKIEN;0
NO;3720;SKIEN;0
NO;3721;SKIEN;0
NO;3722;SKIEN;0
NO;3723;SKIEN;0
NO;3724;SKIEN;0
NO;3725;SKIEN;0
NO;3726;SKIEN;0
NO;3727;SKIEN;0
NO;3728;SKIEN;0
NO;3729;SKIEN;0
NO;3730;SKIEN;0
NO;3731;SKIEN;0
NO;3732;SKIEN;0
NO;3733;SKIEN;0
NO;3734;SKIEN;0
NO;3735;SKIEN;0
NO;3736;SKIEN;0
NO;3737;SKIEN;0
NO;3738;SKIEN;0
NO;3739;SKIEN;0
NO;3740;SKIEN;0
NO;3741;SKIEN;0
NO;3742;SKIEN;0
NO;3743;SKIEN;0
NO;3744;SKIEN;0
NO;3746;SKIEN;0
NO;3747;SKIEN;0
NO;3748;SILJAN;0
NO;3749;SILJAN;0
NO;3750;DRANGEDAL;0
NO;3753;TØRDAL;0
NO;3760;NESLANDSVATN;0
NO;3766;SANNIDAL;0
NO;3770;KRAGERØ;0
NO;3772;KRAGERØ;0
NO;3780;SKÅTØY;0
NO;3781;JOMFRULAND;0
NO;3783;KRAGERØ SKJÆRGÅRD;0
NO;3785;SKIEN;0
NO;3787;SKIEN;0
NO;3788;STABBESTAD;0
NO;3789;KRAGERØ;0
NO;3790;HELLE;0
NO;3791;KRAGERØ;0
NO;3792;SKIEN;0
NO;3793;SANNIDAL;0
NO;3794;HELLE;0
NO;3795;DRANGEDAL;0
NO;3796;SKIEN;0
NO;3798;SKIEN;0
NO;3799;SKIEN;0
NO;3800;BØ I TELEMARK;0
NO;3801;BØ I TELEMARK;0
NO;3802;BØ I TELEMARK;0
NO;3803;BØ I TELEMARK;0
NO;3804;BØ I TELEMARK;0
NO;3805;BØ I TELEMARK;0
NO;3810;GVARV;0
NO;3811;HØRTE;0
NO;3812;AKKERHAUGEN;0
NO;3820;NORDAGUTU;0
NO;3825;LUNDE;0
NO;3830;ULEFOSS;0
NO;3831;ULEFOSS;0
NO;3832;LUNDE;0
NO;3833;BØ I TELEMARK;0
NO;3834;GVARV;0
NO;3835;SELJORD;0
NO;3836;KVITESEID;0
NO;3840;SELJORD;0
NO;3841;FLATDAL;0
NO;3844;ÅMOTSDAL;0
NO;3848;MORGEDAL;0
NO;3849;VRÅLIOSEN;0
NO;3850;KVITESEID;0
NO;3852;VRÅDAL;0
NO;3853;VRÅDAL;0
NO;3854;NISSEDAL;0
NO;3855;TREUNGEN;0
NO;3864;RAULAND;0
NO;3870;FYRESDAL;0
NO;3880;DALEN;0
NO;3882;ÅMDALS VERK;0
NO;3883;TREUNGEN;0
NO;3884;RAULAND;0
NO;3885;FYRESDAL;0
NO;3886;DALEN;0
NO;3887;VINJE;0
NO;3888;EDLAND;0
NO;3890;VINJE;0
NO;3891;HØYDALSMO;0
NO;3893;VINJESVINGEN;0
NO;3895;EDLAND;0
NO;3901;PORSGRUNN;0
NO;3902;PORSGRUNN;0
NO;3903;PORSGRUNN;0
NO;3904;PORSGRUNN;0
NO;3905;PORSGRUNN;0
NO;3906;PORSGRUNN;0
NO;3910;PORSGRUNN;0
NO;3911;PORSGRUNN;0
NO;3912;PORSGRUNN;0
NO;3913;PORSGRUNN;0
NO;3914;PORSGRUNN;0
NO;3915;PORSGRUNN;0
NO;3916;PORSGRUNN;0
NO;3917;PORSGRUNN;0
NO;3918;PORSGRUNN;0
NO;3919;PORSGRUNN;0
NO;3920;PORSGRUNN;0
NO;3921;PORSGRUNN;0
NO;3922;PORSGRUNN;0
NO;3924;PORSGRUNN;0
NO;3925;PORSGRUNN;0
NO;3928;PORSGRUNN;0
NO;3929;PORSGRUNN;0
NO;3930;PORSGRUNN;0
NO;3931;PORSGRUNN;0
NO;3933;PORSGRUNN;0
NO;3936;PORSGRUNN;0
NO;3937;PORSGRUNN;0
NO;3939;PORSGRUNN;0
NO;3940;PORSGRUNN;0
NO;3941;PORSGRUNN;0
NO;3942;PORSGRUNN;0
NO;3943;PORSGRUNN;0
NO;3944;PORSGRUNN;0
NO;3946;PORSGRUNN;0
NO;3947;LANGANGEN;0
NO;3948;PORSGRUNN;0
NO;3949;PORSGRUNN;0
NO;3950;BREVIK;0
NO;3960;STATHELLE;0
NO;3961;STATHELLE;0
NO;3962;STATHELLE;0
NO;3965;HERRE;0
NO;3966;STATHELLE;0
NO;3967;STATHELLE;0
NO;3970;LANGESUND;0
NO;3991;BREVIK;0
NO;3993;LANGESUND;0
NO;3994;LANGESUND;0
NO;3995;STATHELLE;0
NO;3996;PORSGRUNN;0
NO;3997;PORSGRUNN;0
NO;3998;PORSGRUNN;0
NO;3999;HERRE;0
NO;4001;STAVANGER;0
NO;4002;STAVANGER;0
NO;4003;STAVANGER;0
NO;4004;STAVANGER;0
NO;4005;STAVANGER;0
NO;4006;STAVANGER;0
NO;4007;STAVANGER;0
NO;4008;STAVANGER;0
NO;4009;STAVANGER;0
NO;4010;STAVANGER;0
NO;4011;STAVANGER;0
NO;4012;STAVANGER;0
NO;4013;STAVANGER;0
NO;4014;STAVANGER;0
NO;4015;STAVANGER;0
NO;4016;STAVANGER;0
NO;4017;STAVANGER;0
NO;4018;STAVANGER;0
NO;4019;STAVANGER;0
NO;4020;STAVANGER;0
NO;4021;STAVANGER;0
NO;4022;STAVANGER;0
NO;4023;STAVANGER;0
NO;4024;STAVANGER;0
NO;4025;STAVANGER;0
NO;4026;STAVANGER;0
NO;4027;STAVANGER;0
NO;4028;STAVANGER;0
NO;4029;STAVANGER;0
NO;4031;STAVANGER;0
NO;4032;STAVANGER;0
NO;4033;STAVANGER;0
NO;4034;STAVANGER;0
NO;4035;STAVANGER;0
NO;4036;STAVANGER;0
NO;4041;HAFRSFJORD;0
NO;4042;HAFRSFJORD;0
NO;4043;HAFRSFJORD;0
NO;4044;HAFRSFJORD;0
NO;4045;HAFRSFJORD;0
NO;4046;HAFRSFJORD;0
NO;4047;HAFRSFJORD;0
NO;4048;HAFRSFJORD;0
NO;4049;HAFRSFJORD;0
NO;4050;SOLA;0
NO;4051;SOLA;0
NO;4052;RØYNEBERG;0
NO;4053;RÆGE;0
NO;4054;TJELTA;0
NO;4055;SOLA;0
NO;4056;TANANGER;0
NO;4057;TANANGER;0
NO;4058;TANANGER;0
NO;4059;RØYNEBERG;0
NO;4063;TJELTA;0
NO;4068;STAVANGER;0
NO;4070;RANDABERG;0
NO;4071;RANDABERG;0
NO;4072;RANDABERG;0
NO;4073;RANDABERG;0
NO;4076;VASSØY;0
NO;4077;HUNDVÅG;0
NO;4078;STAVANGER;0
NO;4079;STAVANGER;0
NO;4081;STAVANGER;0
NO;4082;STAVANGER;0
NO;4083;HUNDVÅG;0
NO;4084;STAVANGER;0
NO;4085;HUNDVÅG;0
NO;4086;HUNDVÅG;0
NO;4087;STAVANGER;0
NO;4088;STAVANGER;0
NO;4089;HAFRSFJORD;0
NO;4090;HAFRSFJORD;0
NO;4091;HAFRSFJORD;0
NO;4092;STAVANGER;0
NO;4093;STAVANGER;0
NO;4094;STAVANGER;0
NO;4095;STAVANGER;0
NO;4096;RANDABERG;0
NO;4097;SOLA;0
NO;4098;TANANGER;0
NO;4099;STAVANGER;0
NO;4100;JØRPELAND;0
NO;4102;IDSE;0
NO;4103;JØRPELAND;0
NO;4104;JØRPELAND;0
NO;4105;JØRPELAND;0
NO;4110;FORSAND;0
NO;4119;FORSAND;0
NO;4120;TAU;0
NO;4121;TAU;0
NO;4123;SØR-HIDLE;0
NO;4124;TAU;0
NO;4126;JØRPELAND;0
NO;4127;LYSEBOTN;0
NO;4128;FLØYRLI;0
NO;4129;SONGESAND;0
NO;4130;HJELMELAND;0
NO;4134;JØSENFJORDEN;0
NO;4137;ÅRDAL I RYFYLKE;0
NO;4139;FISTER;0
NO;4146;SKIFTUN;0
NO;4148;HJELMELAND;0
NO;4150;RENNESØY;0
NO;4152;VESTRE ÅMØY;0
NO;4153;BRIMSE;0
NO;4154;AUSTRE ÅMØY;0
NO;4156;MOSTERØY;0
NO;4158;BRU;0
NO;4159;RENNESØY;0
NO;4160;FINNØY;0
NO;4161;FINNØY;0
NO;4163;TALGJE;0
NO;4164;FOGN;0
NO;4167;HELGØY I RYFYLKE;0
NO;4168;BYRE;0
NO;4169;SØRBOKN;0
NO;4170;SJERNARØY;0
NO;4173;NORD-HIDLE;0
NO;4174;SJERNARØY;0
NO;4180;KVITSØY;0
NO;4181;KVITSØY;0
NO;4182;SKARTVEIT;0
NO;4187;OMBO;0
NO;4198;FOLDØY;0
NO;4200;SAUDA;0
NO;4201;SAUDA;0
NO;4208;SAUDASJØEN;0
NO;4209;VANVIK;0
NO;4230;SAND;0
NO;4233;ERFJORD;0
NO;4234;JELSA;0
NO;4235;HEBNES;0
NO;4237;SULDALSOSEN;0
NO;4239;SAND;0
NO;4240;SULDALSOSEN;0
NO;4244;NESFLATEN;0
NO;4250;KOPERVIK;0
NO;4260;TORVASTAD;0
NO;4262;AVALDSNES;0
NO;4264;KVALAVÅG;0
NO;4265;HÅVIK;0
NO;4270;ÅKREHAMN;0
NO;4272;SANDVE;0
NO;4274;STOL;0
NO;4275;SÆVELANDSVIK;0
NO;4276;VEAVÅGEN;0
NO;4280;SKUDENESHAVN;0
NO;4291;KOPERVIK;0
NO;4294;KOPERVIK;0
NO;4295;VEAVÅGEN;0
NO;4296;ÅKREHAMN;0
NO;4297;SKUDENESHAVN;0
NO;4298;TORVASTAD;0
NO;4299;AVALDSNES;0
NO;4301;SANDNES;0
NO;4302;SANDNES;0
NO;4306;SANDNES;0
NO;4307;SANDNES;0
NO;4308;SANDNES;0
NO;4309;SANDNES;0
NO;4310;HOMMERSÅK;0
NO;4311;HOMMERSÅK;0
NO;4312;SANDNES;0
NO;4313;SANDNES;0
NO;4314;SANDNES;0
NO;4315;SANDNES;0
NO;4316;SANDNES;0
NO;4317;SANDNES;0
NO;4318;SANDNES;0
NO;4319;SANDNES;0
NO;4320;SANDNES;0
NO;4321;SANDNES;0
NO;4322;SANDNES;0
NO;4323;SANDNES;0
NO;4324;SANDNES;0
NO;4325;SANDNES;0
NO;4326;SANDNES;0
NO;4327;SANDNES;0
NO;4328;SANDNES;0
NO;4329;SANDNES;0
NO;4330;ÅLGÅRD;0
NO;4331;ÅLGÅRD;0
NO;4332;FIGGJO;0
NO;4333;OLTEDAL;0
NO;4334;ÅLGÅRD;0
NO;4335;DIRDAL;0
NO;4336;SANDNES;0
NO;4337;SANDNES;0
NO;4338;SANDNES;0
NO;4339;ÅLGÅRD;0
NO;4340;BRYNE;0
NO;4341;BRYNE;0
NO;4342;UNDHEIM;0
NO;4343;ORRE;0
NO;4344;BRYNE;0
NO;4345;BRYNE;0
NO;4346;BRYNE;0
NO;4347;LYE;0
NO;4348;LYE;0
NO;4349;BRYNE;0
NO;4350;KLEPPE;0
NO;4351;KLEPPE;0
NO;4352;KLEPPE;0
NO;4353;KLEPP STASJON;0
NO;4354;VOLL;0
NO;4355;KVERNALAND;0
NO;4356;KVERNALAND;0
NO;4357;KLEPP STASJON;0
NO;4358;KLEPPE;0
NO;4360;VARHAUG;0
NO;4361;SIREVÅG;0
NO;4362;VIGRESTAD;0
NO;4363;BRUSAND;0
NO;4364;SIREVÅG;0
NO;4365;NÆRBØ;0
NO;4367;NÆRBØ;0
NO;4368;VARHAUG;0
NO;4369;VIGRESTAD;0
NO;4370;EGERSUND;0
NO;4371;EGERSUND;0
NO;4372;EGERSUND;0
NO;4373;EGERSUND;0
NO;4374;EGERSUND;0
NO;4375;HELLVIK;0
NO;4376;HELLELAND;0
NO;4378;EGERSUND;0
NO;4379;EGERSUND;0
NO;4380;HAUGE I DALANE;0
NO;4381;HAUGE I DALANE;0
NO;4384;VIKESÅ;0
NO;4385;HELLELAND;0
NO;4387;BJERKREIM;0
NO;4389;VIKESÅ;0
NO;4390;OLTEDAL;0
NO;4391;SANDNES;0
NO;4392;SANDNES;0
NO;4393;SANDNES;0
NO;4394;SANDNES;0
NO;4395;HOMMERSÅK;0
NO;4396;SANDNES;0
NO;4397;SANDNES;0
NO;4398;SANDNES;0
NO;4399;SANDNES;0
NO;4400;FLEKKEFJORD;0
NO;4401;FLEKKEFJORD;0
NO;4402;FLEKKEFJORD;0
NO;4403;FLEKKEFJORD;0
NO;4404;FLEKKEFJORD;0
NO;4405;FLEKKEFJORD;0
NO;4406;FLEKKEFJORD;0
NO;4407;FLEKKEFJORD;0
NO;4420;ÅNA-SIRA;0
NO;4432;HIDRASUND;0
NO;4434;ANDABELØY;0
NO;4436;GYLAND;0
NO;4438;SIRA;0
NO;4439;SIRA;0
NO;4440;TONSTAD;0
NO;4441;TONSTAD;0
NO;4443;TJØRHOM;0
NO;4460;MOI;0
NO;4462;HOVSHERAD;0
NO;4463;UALAND;0
NO;4465;MOI;0
NO;4473;KVINLOG;0
NO;4480;KVINESDAL;0
NO;4484;ØYESTRANDA;0
NO;4485;FEDA;0
NO;4490;KVINESDAL;0
NO;4491;KVINESDAL;0
NO;4492;KVINESDAL;0
NO;4501;MANDAL;0
NO;4502;MANDAL;0
NO;4503;MANDAL;0
NO;4504;MANDAL;0
NO;4507;MANDAL;0
NO;4508;MANDAL;0
NO;4509;MANDAL;0
NO;4513;MANDAL;0
NO;4514;MANDAL;0
NO;4515;MANDAL;0
NO;4516;MANDAL;0
NO;4517;MANDAL;0
NO;4519;HOLUM;0
NO;4520;LINDESNES;0
NO;4521;LINDESNES;0
NO;4522;LINDESNES;0
NO;4523;LINDESNES;0
NO;4524;LINDESNES;0
NO;4525;KONSMO;0
NO;4526;KONSMO;0
NO;4528;KOLLUNGTVEIT;0
NO;4529;BYREMO;0
NO;4532;ØYSLEBØ;0
NO;4534;MARNARDAL;0
NO;4535;MARNARDAL;0
NO;4536;BJELLAND;0
NO;4540;ÅSERAL;0
NO;4541;ÅSERAL;0
NO;4544;FOSSDAL;0
NO;4550;FARSUND;0
NO;4551;FARSUND;0
NO;4552;FARSUND;0
NO;4553;FARSUND;0
NO;4554;FARSUND;0
NO;4557;VANSE;0
NO;4558;VANSE;0
NO;4560;VANSE;0
NO;4563;BORHAUG;0
NO;4575;LYNGDAL;0
NO;4576;LYNGDAL;0
NO;4577;LYNGDAL;0
NO;4579;LYNGDAL;0
NO;4580;LYNGDAL;0
NO;4586;KORSHAMN;0
NO;4588;KVÅS;0
NO;4590;SNARTEMO;0
NO;4595;TINGVATN;0
NO;4596;EIKEN;0
NO;4597;EIKEN;0
NO;4604;KRISTIANSAND S;0
NO;4605;KRISTIANSAND S;0
NO;4606;KRISTIANSAND S;0
NO;4608;KRISTIANSAND S;0
NO;4609;KARDEMOMME BY;0
NO;4610;KRISTIANSAND S;0
NO;4611;KRISTIANSAND S;0
NO;4612;KRISTIANSAND S;0
NO;4613;KRISTIANSAND S;0
NO;4614;KRISTIANSAND S;0
NO;4615;KRISTIANSAND S;0
NO;4616;KRISTIANSAND S;0
NO;4617;KRISTIANSAND S;0
NO;4618;KRISTIANSAND S;0
NO;4619;MOSBY;0
NO;4620;KRISTIANSAND S;0
NO;4621;KRISTIANSAND S;0
NO;4622;KRISTIANSAND S;0
NO;4623;KRISTIANSAND S;0
NO;4624;KRISTIANSAND S;0
NO;4625;FLEKKERØY;0
NO;4626;KRISTIANSAND S;0
NO;4628;KRISTIANSAND S;0
NO;4629;KRISTIANSAND S;0
NO;4630;KRISTIANSAND S;0
NO;4631;KRISTIANSAND S;0
NO;4632;KRISTIANSAND S;0
NO;4633;KRISTIANSAND S;0
NO;4634;KRISTIANSAND S;0
NO;4635;KRISTIANSAND S;0
NO;4636;KRISTIANSAND S;0
NO;4637;KRISTIANSAND S;0
NO;4638;KRISTIANSAND S;0
NO;4639;KRISTIANSAND S;0
NO;4640;SØGNE;0
NO;4641;SØGNE;0
NO;4642;SØGNE;0
NO;4643;SØGNE;0
NO;4644;SØGNE;0
NO;4645;NODELAND;0
NO;4646;FINSLAND;0
NO;4647;BRENNÅSEN;0
NO;4649;FINSLAND;0
NO;4656;HAMRESANDEN;0
NO;4657;KJEVIK;0
NO;4658;TVEIT;0
NO;4661;KRISTIANSAND S;0
NO;4662;KRISTIANSAND S;0
NO;4663;KRISTIANSAND S;0
NO;4664;KRISTIANSAND S;0
NO;4665;KRISTIANSAND S;0
NO;4666;KRISTIANSAND S;0
NO;4670;KRISTIANSAND S;0
NO;4671;KRISTIANSAND S;0
NO;4672;KRISTIANSAND S;0
NO;4673;KRISTIANSAND S;0
NO;4674;KRISTIANSAND S;0
NO;4675;KRISTIANSAND S;0
NO;4676;KRISTIANSAND S;0
NO;4677;KRISTIANSAND S;0
NO;4678;KRISTIANSAND S;0
NO;4679;FLEKKERØY;0
NO;4681;SØGNE;0
NO;4682;SØGNE;0
NO;4683;SØGNE;0
NO;4684;BRENNÅSEN;0
NO;4685;NODELAND;0
NO;4686;KRISTIANSAND S;0
NO;4687;KRISTIANSAND S;0
NO;4688;KRISTIANSAND S;0
NO;4689;KRISTIANSAND S;0
NO;4691;KRISTIANSAND S;0
NO;4693;KRISTIANSAND S;0
NO;4694;KRISTIANSAND S;0
NO;4695;KRISTIANSAND S;0
NO;4696;KRISTIANSAND S;0
NO;4697;KRISTIANSAND S;0
NO;4698;KRISTIANSAND S;0
NO;4699;TVEIT;0
NO;4700;VENNESLA;0
NO;4701;VENNESLA;0
NO;4702;VENNESLA;0
NO;4703;VENNESLA;0
NO;4705;ØVREBØ;0
NO;4706;VENNESLA;0
NO;4707;VENNESLA;0
NO;4708;VENNESLA;0
NO;4715;ØVREBØ;0
NO;4720;HÆGELAND;0
NO;4721;HÆGELAND;0
NO;4724;IVELAND;0
NO;4725;IVELAND;0
NO;4730;VATNESTRØM;0
NO;4733;EVJE;0
NO;4734;EVJE;0
NO;4735;EVJE;0
NO;4737;HORNNES;0
NO;4741;BYGLANDSFJORD;0
NO;4742;GRENDI;0
NO;4744;BYGLAND;0
NO;4745;BYGLAND;0
NO;4746;VALLE;0
NO;4747;VALLE;0
NO;4748;RYSSTAD;0
NO;4749;RYSSTAD;0
NO;4754;BYKLE;0
NO;4755;HOVDEN I SETESDAL;0
NO;4756;HOVDEN I SETESDAL;0
NO;4760;BIRKELAND;0
NO;4766;HEREFOSS;0
NO;4768;ENGESLAND;0
NO;4770;HØVÅG;0
NO;4780;BREKKESTØ;0
NO;4790;LILLESAND;0
NO;4791;LILLESAND;0
NO;4792;LILLESAND;0
NO;4793;HØVÅG;0
NO;4794;LILLESAND;0
NO;4795;BIRKELAND;0
NO;4801;ARENDAL;0
NO;4802;ARENDAL;0
NO;4803;ARENDAL;0
NO;4804;ARENDAL;0
NO;4808;ARENDAL;0
NO;4809;ARENDAL;0
NO;4810;EYDEHAVN;0
NO;4812;KONGSHAVN;0
NO;4815;SALTRØD;0
NO;4816;KOLBJØRNSVIK;0
NO;4817;HIS;0
NO;4818;FÆRVIK;0
NO;4820;FROLAND;0
NO;4821;RYKENE;0
NO;4822;RYKENE;0
NO;4823;NEDENES;0
NO;4824;BJORBEKK;0
NO;4825;ARENDAL;0
NO;4827;FROLANDS VERK;0
NO;4828;MJÅVATN;0
NO;4830;HYNNEKLEIV;0
NO;4832;MYKLAND;0
NO;4834;RISDAL;0
NO;4836;ARENDAL;0
NO;4838;ARENDAL;0
NO;4839;ARENDAL;0
NO;4841;ARENDAL;0
NO;4842;ARENDAL;0
NO;4843;ARENDAL;0
NO;4844;ARENDAL;0
NO;4846;ARENDAL;0
NO;4847;ARENDAL;0
NO;4848;ARENDAL;0
NO;4849;ARENDAL;0
NO;4851;SALTRØD;0
NO;4852;FÆRVIK;0
NO;4853;HIS;0
NO;4854;NEDENES;0
NO;4855;FROLAND;0
NO;4856;ARENDAL;0
NO;4857;ARENDAL;0
NO;4858;ARENDAL;0
NO;4859;ARENDAL;0
NO;4862;EYDEHAVN;0
NO;4863;NELAUG;0
NO;4864;ÅMLI;0
NO;4865;ÅMLI;0
NO;4868;SELÅSVATN;0
NO;4869;DØLEMO;0
NO;4870;FEVIK;0
NO;4876;GRIMSTAD;0
NO;4877;GRIMSTAD;0
NO;4878;GRIMSTAD;0
NO;4879;GRIMSTAD;0
NO;4884;GRIMSTAD;0
NO;4885;GRIMSTAD;0
NO;4886;GRIMSTAD;0
NO;4887;GRIMSTAD;0
NO;4888;HOMBORSUND;0
NO;4889;FEVIK;0
NO;4891;GRIMSTAD;0
NO;4892;GRIMSTAD;0
NO;4893;GRIMSTAD;0
NO;4894;GRIMSTAD;0
NO;4896;GRIMSTAD;0
NO;4898;GRIMSTAD;0
NO;4900;TVEDESTRAND;0
NO;4901;TVEDESTRAND;0
NO;4902;TVEDESTRAND;0
NO;4903;TVEDESTRAND;0
NO;4904;TVEDESTRAND;0
NO;4905;TVEDESTRAND;0
NO;4909;SONGE;0
NO;4910;LYNGØR;0
NO;4912;GJEVING;0
NO;4915;VESTRE SANDØYA;0
NO;4916;BORØY;0
NO;4920;STAUBØ;0
NO;4921;STAUBØ;0
NO;4934;NES VERK;0
NO;4950;RISØR;0
NO;4951;RISØR;0
NO;4952;RISØR;0
NO;4953;RISØR;0
NO;4955;RISØR;0
NO;4956;RISØR;0
NO;4957;RISØR;0
NO;4971;SUNDEBRU;0
NO;4972;GJERSTAD;0
NO;4973;VEGÅRSHEI;0
NO;4974;SØNDELED;0
NO;4980;GJERSTAD;0
NO;4985;VEGÅRSHEI;0
NO;4990;SØNDELED;0
NO;4993;SUNDEBRU;0
NO;4994;AKLAND;0
NO;5003;BERGEN;0
NO;5004;BERGEN;0
NO;5005;BERGEN;0
NO;5006;BERGEN;0
NO;5007;BERGEN;0
NO;5008;BERGEN;0
NO;5009;BERGEN;0
NO;5010;BERGEN;0
NO;5011;BERGEN;0
NO;5012;BERGEN;0
NO;5013;BERGEN;0
NO;5014;BERGEN;0
NO;5015;BERGEN;0
NO;5016;BERGEN;0
NO;5017;BERGEN;0
NO;5018;BERGEN;0
NO;5019;BERGEN;0
NO;5020;BERGEN;0
NO;5021;BERGEN;0
NO;5022;BERGEN;0
NO;5031;BERGEN;0
NO;5032;BERGEN;0
NO;5033;BERGEN;0
NO;5034;BERGEN;0
NO;5035;BERGEN;0
NO;5036;BERGEN;0
NO;5037;BERGEN;0
NO;5038;BERGEN;0
NO;5039;BERGEN;0
NO;5041;BERGEN;0
NO;5042;BERGEN;0
NO;5043;BERGEN;0
NO;5045;BERGEN;0
NO;5052;BERGEN;0
NO;5053;BERGEN;0
NO;5054;BERGEN;0
NO;5055;BERGEN;0
NO;5056;BERGEN;0
NO;5057;BERGEN;0
NO;5058;BERGEN;0
NO;5059;BERGEN;0
NO;5063;BERGEN;0
NO;5067;BERGEN;0
NO;5068;BERGEN;0
NO;5072;BERGEN;0
NO;5073;BERGEN;0
NO;5075;BERGEN;0
NO;5081;BERGEN;0
NO;5082;BERGEN;0
NO;5089;BERGEN;0
NO;5093;BERGEN;0
NO;5094;BERGEN;0
NO;5096;BERGEN;0
NO;5097;BERGEN;0
NO;5098;BERGEN;0
NO;5099;BERGEN;0
NO;5101;EIDSVÅGNESET;0
NO;5104;EIDSVÅG I ÅSANE;0
NO;5105;EIDSVÅG I ÅSANE;0
NO;5106;ØVRE ERVIK;0
NO;5107;SALHUS;0
NO;5108;HORDVIK;0
NO;5109;HYLKJE;0
NO;5111;BREISTEIN;0
NO;5113;TERTNES;0
NO;5114;TERTNES;0
NO;5115;ULSET;0
NO;5116;ULSET;0
NO;5117;ULSET;0
NO;5118;ULSET;0
NO;5119;ULSET;0
NO;5121;ULSET;0
NO;5122;MORVIK;0
NO;5124;MORVIK;0
NO;5130;NYBORG;0
NO;5131;NYBORG;0
NO;5132;NYBORG;0
NO;5134;FLAKTVEIT;0
NO;5135;FLAKTVEIT;0
NO;5136;MJØLKERÅEN;0
NO;5137;MJØLKERÅEN;0
NO;5141;FYLLINGSDALEN;0
NO;5142;FYLLINGSDALEN;0
NO;5143;FYLLINGSDALEN;0
NO;5144;FYLLINGSDALEN;0
NO;5145;FYLLINGSDALEN;0
NO;5146;FYLLINGSDALEN;0
NO;5147;FYLLINGSDALEN;0
NO;5148;FYLLINGSDALEN;0
NO;5151;STRAUMSGREND;0
NO;5152;BØNES;0
NO;5153;BØNES;0
NO;5154;BØNES;0
NO;5155;BØNES;0
NO;5160;LAKSEVÅG;0
NO;5161;LAKSEVÅG;0
NO;5162;LAKSEVÅG;0
NO;5163;LAKSEVÅG;0
NO;5164;LAKSEVÅG;0
NO;5165;LAKSEVÅG;0
NO;5170;BJØRNDALSTRÆ;0
NO;5171;LODDEFJORD;0
NO;5172;LODDEFJORD;0
NO;5173;LODDEFJORD;0
NO;5174;MATHOPEN;0
NO;5176;LODDEFJORD;0
NO;5177;BJØRØYHAMN;0
NO;5178;LODDEFJORD;0
NO;5179;GODVIK;0
NO;5183;OLSVIK;0
NO;5184;OLSVIK;0
NO;5200;OS;0
NO;5201;OS;0
NO;5202;OS;0
NO;5203;OS;0
NO;5206;OS;0
NO;5207;SØFTELAND;0
NO;5208;OS;0
NO;5209;OS;0
NO;5210;OS;0
NO;5211;OS;0
NO;5212;SØFTELAND;0
NO;5213;LEPSØY;0
NO;5214;LYSEKLOSTER;0
NO;5215;LYSEKLOSTER;0
NO;5216;LEPSØY;0
NO;5217;HAGAVIK;0
NO;5218;NORDSTRØNO;0
NO;5221;NESTTUN;0
NO;5222;NESTTUN;0
NO;5223;NESTTUN;0
NO;5224;NESTTUN;0
NO;5225;NESTTUN;0
NO;5226;NESTTUN;0
NO;5227;NESTTUN;0
NO;5228;NESTTUN;0
NO;5229;KALANDSEIDET;0
NO;5230;PARADIS;0
NO;5231;PARADIS;0
NO;5232;PARADIS;0
NO;5235;RÅDAL;0
NO;5236;RÅDAL;0
NO;5237;RÅDAL;0
NO;5238;RÅDAL;0
NO;5239;RÅDAL;0
NO;5243;FANA;0
NO;5244;FANA;0
NO;5251;SØREIDGREND;0
NO;5252;SØREIDGREND;0
NO;5253;SANDSLI;0
NO;5254;SANDSLI;0
NO;5257;KOKSTAD;0
NO;5258;BLOMSTERDALEN;0
NO;5259;HJELLESTAD;0
NO;5260;INDRE ARNA;0
NO;5261;INDRE ARNA;0
NO;5262;ARNATVEIT;0
NO;5263;TRENGEREID;0
NO;5264;GARNES;0
NO;5265;YTRE ARNA;0
NO;5267;ESPELAND;0
NO;5268;HAUKELAND;0
NO;5281;VALESTRANDSFOSSEN;0
NO;5282;LONEVÅG;0
NO;5283;FOTLANDSVÅG;0
NO;5284;TYSSEBOTNEN;0
NO;5285;BRUVIK;0
NO;5286;HAUS;0
NO;5291;VALESTRANDSFOSSEN;0
NO;5293;LONEVÅG;0
NO;5299;HAUS;0
NO;5300;KLEPPESTØ;0
NO;5301;KLEPPESTØ;0
NO;5302;STRUSSHAMN;0
NO;5303;FOLLESE;0
NO;5304;HETLEVIK;0
NO;5305;FLORVÅG;0
NO;5306;ERDAL;0
NO;5307;ASK;0
NO;5308;KLEPPESTØ;0
NO;5309;KLEPPESTØ;0
NO;5310;HAUGLANDSHELLA;0
NO;5311;KJERRGARDEN;0
NO;5314;KJERRGARDEN;0
NO;5315;HERDLA;0
NO;5318;STRUSSHAMN;0
NO;5319;KLEPPESTØ;0
NO;5321;KLEPPESTØ;0
NO;5322;KLEPPESTØ;0
NO;5323;KLEPPESTØ;0
NO;5325;FOLLESE;0
NO;5326;ASK;0
NO;5327;HAUGLANDSHELLA;0
NO;5329;FLORVÅG;0
NO;5331;RONG;0
NO;5333;TJELDSTØ;0
NO;5334;HELLESØY;0
NO;5335;HERNAR;0
NO;5336;TJELDSTØ;0
NO;5337;RONG;0
NO;5341;STRAUME;0
NO;5342;STRAUME;0
NO;5343;STRAUME;0
NO;5345;KNARREVIK;0
NO;5346;ÅGOTNES;0
NO;5347;ÅGOTNES;0
NO;5350;BRATTHOLMEN;0
NO;5353;STRAUME;0
NO;5354;STRAUME;0
NO;5355;KNARREVIK;0
NO;5357;FJELL;0
NO;5358;FJELL;0
NO;5360;KOLLTVEIT;0
NO;5363;ÅGOTNES;0
NO;5365;TURØY;0
NO;5366;MISJE;0
NO;5371;SKOGSVÅG;0
NO;5374;STEINSLAND;0
NO;5378;KLOKKARVIK;0
NO;5379;STEINSLAND;0
NO;5380;TÆLAVÅG;0
NO;5381;GLESVÆR;0
NO;5382;SKOGSVÅG;0
NO;5384;TORANGSVÅG;0
NO;5385;BAKKASUND;0
NO;5387;MØKSTER;0
NO;5388;LITLAKALSØY;0
NO;5392;STOREBØ;0
NO;5393;STOREBØ;0
NO;5394;KOLBEINSVIK;0
NO;5396;VESTRE VINNESVÅG;0
NO;5397;BEKKJARVIK;0
NO;5398;STOLMEN;0
NO;5399;BEKKJARVIK;0
NO;5401;STORD;0
NO;5402;STORD;0
NO;5403;STORD;0
NO;5404;STORD;0
NO;5406;STORD;0
NO;5407;STORD;0
NO;5408;SAGVÅG;0
NO;5409;STORD;0
NO;5410;SAGVÅG;0
NO;5411;STORD;0
NO;5412;STORD;0
NO;5413;HUGLO;0
NO;5414;STORD;0
NO;5415;STORD;0
NO;5416;STORD;0
NO;5417;STORD;0
NO;5418;FITJAR;0
NO;5419;FITJAR;0
NO;5420;RUBBESTADNESET;0
NO;5423;BRANDASUND;0
NO;5427;URANGSVÅG;0
NO;5428;FOLDRØYHAMN;0
NO;5430;BREMNES;0
NO;5437;FINNÅS;0
NO;5440;MOSTERHAMN;0
NO;5443;BØMLO;0
NO;5444;ESPEVÆR;0
NO;5445;BREMNES;0
NO;5447;MOSTERHAMN;0
NO;5449;BØMLO;0
NO;5450;SUNDE I SUNNHORDLAND;0
NO;5451;VALEN;0
NO;5452;SANDVOLL;0
NO;5453;UTÅKER;0
NO;5454;SÆBØVIK;0
NO;5455;HALSNØY KLOSTER;0
NO;5457;HØYLANDSBYGD;0
NO;5458;ARNAVIK;0
NO;5459;FJELBERG;0
NO;5460;HUSNES;0
NO;5462;HERØYSUNDET;0
NO;5463;USKEDALEN;0
NO;5464;DIMMELSVIK;0
NO;5465;USKEDALEN;0
NO;5470;ROSENDAL;0
NO;5472;SEIMSFOSS;0
NO;5473;SNILSTVEITØY;0
NO;5474;LØFALLSTRAND;0
NO;5475;ÆNES;0
NO;5476;MAURANGER;0
NO;5480;HUSNES;0
NO;5484;SÆBØVIK;0
NO;5486;ROSENDAL;0
NO;5498;MATRE;0
NO;5499;ÅKRA;0
NO;5501;HAUGESUND;0
NO;5502;HAUGESUND;0
NO;5503;HAUGESUND;0
NO;5504;HAUGESUND;0
NO;5505;HAUGESUND;0
NO;5506;HAUGESUND;0
NO;5507;HAUGESUND;0
NO;5508;KARMSUND;0
NO;5509;HAUGESUND;0
NO;5511;HAUGESUND;0
NO;5512;HAUGESUND;0
NO;5514;HAUGESUND;0
NO;5515;HAUGESUND;0
NO;5516;HAUGESUND;0
NO;5517;HAUGESUND;0
NO;5518;HAUGESUND;0
NO;5519;HAUGESUND;0
NO;5521;HAUGESUND;0
NO;5522;HAUGESUND;0
NO;5523;HAUGESUND;0
NO;5525;HAUGESUND;0
NO;5527;HAUGESUND;0
NO;5528;HAUGESUND;0
NO;5529;HAUGESUND;0
NO;5531;HAUGESUND;0
NO;5532;HAUGESUND;0
NO;5533;HAUGESUND;0
NO;5534;HAUGESUND;0
NO;5535;HAUGESUND;0
NO;5536;HAUGESUND;0
NO;5537;HAUGESUND;0
NO;5538;HAUGESUND;0
NO;5541;KOLNES;0
NO;5542;KARMSUND;0
NO;5544;VORMEDAL;0
NO;5545;VORMEDAL;0
NO;5546;RØYKSUND;0
NO;5547;UTSIRA;0
NO;5548;FEØY;0
NO;5549;RØVÆR;0
NO;5550;SVEIO;0
NO;5551;AUKLANDSHAMN;0
NO;5554;VALEVÅG;0
NO;5555;FØRDE I HORDALAND;0
NO;5556;FØRDE I HORDALAND;0
NO;5559;SVEIO;0
NO;5560;NEDSTRAND;0
NO;5561;BOKN;0
NO;5562;NEDSTRAND;0
NO;5563;FØRRESFJORDEN;0
NO;5565;TYSVÆRVÅG;0
NO;5566;HERVIK;0
NO;5567;SKJOLDASTRAUMEN;0
NO;5568;VIKEBYGD;0
NO;5569;BOKN;0
NO;5570;AKSDAL;0
NO;5574;SKJOLD;0
NO;5575;AKSDAL;0
NO;5576;ØVRE VATS;0
NO;5578;NEDRE VATS;0
NO;5580;ØLEN;0
NO;5582;ØLENSVÅG;0
NO;5583;VIKEDAL;0
NO;5584;BJOA;0
NO;5585;SANDEID;0
NO;5586;VIKEDAL;0
NO;5588;ØLEN;0
NO;5589;SANDEID;0
NO;5590;ETNE;0
NO;5591;ETNE;0
NO;5593;SKÅNEVIK;0
NO;5594;SKÅNEVIK;0
NO;5595;FØRRESFJORDEN;0
NO;5596;MARKHUS;0
NO;5598;FJÆRA;0
NO;5600;NORHEIMSUND;0
NO;5601;NORHEIMSUND;0
NO;5602;NORHEIMSUND;0
NO;5604;ØYSTESE;0
NO;5605;ÅLVIK;0
NO;5610;ØYSTESE;0
NO;5612;STEINSTØ;0
NO;5614;ÅLVIK;0
NO;5620;TØRVIKBYGD;0
NO;5626;KYSNESSTRAND;0
NO;5627;JONDAL;0
NO;5628;HERAND;0
NO;5629;JONDAL;0
NO;5630;STRANDEBARM;0
NO;5631;STRANDEBARM;0
NO;5632;OMASTRAND;0
NO;5633;OMASTRAND;0
NO;5635;HATLESTRAND;0
NO;5636;VARALDSØY;0
NO;5637;ØLVE;0
NO;5640;EIKELANDSOSEN;0
NO;5641;FUSA;0
NO;5642;HOLMEFJORD;0
NO;5643;STRANDVIK;0
NO;5644;SÆVAREID;0
NO;5645;SÆVAREID;0
NO;5646;NORDTVEITGREND;0
NO;5647;BALDERSHEIM;0
NO;5648;FUSA;0
NO;5649;EIKELANDSOSEN;0
NO;5650;TYSSE;0
NO;5651;TYSSE;0
NO;5652;ÅRLAND;0
NO;5653;ÅRLAND;0
NO;5680;TYSNES;0
NO;5683;REKSTEREN;0
NO;5685;UGGDAL;0
NO;5687;FLATRÅKER;0
NO;5690;LUNDEGREND;0
NO;5693;ÅRBAKKA;0
NO;5694;ONARHEIM;0
NO;5695;UGGDAL;0
NO;5696;TYSNES;0
NO;5700;VOSS;0
NO;5701;VOSS;0
NO;5702;VOSS;0
NO;5703;VOSS;0
NO;5704;VOSS;0
NO;5705;VOSS;0
NO;5706;VOSS;0
NO;5707;EVANGER;0
NO;5708;VOSS;0
NO;5709;VOSS;0
NO;5710;SKULESTADMO;0
NO;5711;SKULESTADMO;0
NO;5712;VOSSESTRAND;0
NO;5713;VOSSESTRAND;0
NO;5714;VOSS;0
NO;5715;STALHEIM;0
NO;5718;MYRDAL;0
NO;5719;FINSE;0
NO;5720;STANGHELLE;0
NO;5721;DALEKVAM;0
NO;5722;DALEKVAM;0
NO;5723;BOLSTADØYRI;0
NO;5724;STANGHELLE;0
NO;5725;VAKSDAL;0
NO;5726;VAKSDAL;0
NO;5727;STAMNES;0
NO;5728;EIDSLANDET;0
NO;5729;MODALEN;0
NO;5730;ULVIK;0
NO;5731;ULVIK;0
NO;5732;MODALEN;0
NO;5733;GRANVIN;0
NO;5734;VALLAVIK;0
NO;5736;GRANVIN;0
NO;5741;AURLAND;0
NO;5742;FLÅM;0
NO;5743;FLÅM;0
NO;5745;AURLAND;0
NO;5746;UNDREDAL;0
NO;5747;GUDVANGEN;0
NO;5748;STYVI;0
NO;5749;GUDVANGEN;0
NO;5750;ODDA;0
NO;5751;ODDA;0
NO;5752;ODDA;0
NO;5760;RØLDAL;0
NO;5763;SKARE;0
NO;5770;TYSSEDAL;0
NO;5773;HOVLAND;0
NO;5775;NÅ;0
NO;5776;NÅ;0
NO;5777;GRIMO;0
NO;5778;UTNE;0
NO;5779;UTNE;0
NO;5780;KINSARVIK;0
NO;5781;LOFTHUS;0
NO;5782;KINSARVIK;0
NO;5783;EIDFJORD;0
NO;5784;ØVRE EIDFJORD;0
NO;5785;VØRINGSFOSS;0
NO;5786;EIDFJORD;0
NO;5787;LOFTHUS;0
NO;5788;KINSARVIK;0
NO;5802;BERGEN;0
NO;5803;BERGEN;0
NO;5804;BERGEN;0
NO;5805;BERGEN;0
NO;5806;BERGEN;0
NO;5807;BERGEN;0
NO;5808;BERGEN;0
NO;5809;BERGEN;0
NO;5810;BERGEN;0
NO;5811;BERGEN;0
NO;5812;BERGEN;0
NO;5813;BERGEN;0
NO;5814;BERGEN;0
NO;5815;BERGEN;0
NO;5816;BERGEN;0
NO;5817;BERGEN;0
NO;5818;BERGEN;0
NO;5819;BERGEN;0
NO;5820;BERGEN;0
NO;5821;BERGEN;0
NO;5822;BERGEN;0
NO;5823;BERGEN;0
NO;5824;BERGEN;0
NO;5825;BERGEN;0
NO;5826;BERGEN;0
NO;5827;BERGEN;0
NO;5828;BERGEN;0
NO;5829;BERGEN;0
NO;5830;BERGEN;0
NO;5831;BERGEN;0
NO;5832;BERGEN;0
NO;5833;BERGEN;0
NO;5834;BERGEN;0
NO;5835;BERGEN;0
NO;5836;BERGEN;0
NO;5837;BERGEN;0
NO;5838;BERGEN;0
NO;5841;BERGEN;0
NO;5843;BERGEN;0
NO;5844;BERGEN;0
NO;5845;BERGEN;0
NO;5847;BERGEN;0
NO;5848;BERGEN;0
NO;5849;BERGEN;0
NO;5851;BERGEN;0
NO;5852;BERGEN;0
NO;5853;BERGEN;0
NO;5854;BERGEN;0
NO;5855;BERGEN;0
NO;5857;BERGEN;0
NO;5858;BERGEN;0
NO;5859;BERGEN;0
NO;5861;BERGEN;0
NO;5862;BERGEN;0
NO;5863;BERGEN;0
NO;5864;BERGEN;0
NO;5865;BERGEN;0
NO;5866;BERGEN;0
NO;5867;BERGEN;0
NO;5868;BERGEN;0
NO;5869;BERGEN;0
NO;5872;BERGEN;0
NO;5873;BERGEN;0
NO;5876;BERGEN;0
NO;5877;BERGEN;0
NO;5878;BERGEN;0
NO;5879;BERGEN;0
NO;5881;BERGEN;0
NO;5884;BERGEN;0
NO;5886;BERGEN;0
NO;5887;BERGEN;0
NO;5888;BERGEN;0
NO;5889;BERGEN;0
NO;5892;BERGEN;0
NO;5893;BERGEN;0
NO;5895;BERGEN;0
NO;5896;BERGEN;0
NO;5899;BERGEN;0
NO;5902;ISDALSTØ;0
NO;5903;ISDALSTØ;0
NO;5904;ISDALSTØ;0
NO;5906;FREKHAUG;0
NO;5907;ALVERSUND;0
NO;5908;ISDALSTØ;0
NO;5911;ALVERSUND;0
NO;5912;SEIM;0
NO;5913;EIKANGERVÅG;0
NO;5914;ISDALSTØ;0
NO;5915;HJELMÅS;0
NO;5916;ISDALSTØ;0
NO;5917;ROSSLAND;0
NO;5918;FREKHAUG;0
NO;5919;FREKHAUG;0
NO;5931;MANGER;0
NO;5935;BØVÅGEN;0
NO;5936;MANGER;0
NO;5937;BØVÅGEN;0
NO;5938;SÆBØVÅGEN;0
NO;5939;SLETTA;0
NO;5941;AUSTRHEIM;0
NO;5943;AUSTRHEIM;0
NO;5947;FEDJE;0
NO;5948;FEDJE;0
NO;5951;LINDÅS;0
NO;5952;FONNES;0
NO;5953;FONNES;0
NO;5954;MONGSTAD;0
NO;5955;LINDÅS;0
NO;5956;HUNDVIN;0
NO;5957;MYKING;0
NO;5960;DALSØYRA;0
NO;5961;BREKKE;0
NO;5962;BJORDAL;0
NO;5963;DALSØYRA;0
NO;5964;BREKKE;0
NO;5965;BJORDAL;0
NO;5966;EIVINDVIK;0
NO;5967;EIVINDVIK;0
NO;5970;BYRKNESØY;0
NO;5977;ÅNNELAND;0
NO;5978;MJØMNA;0
NO;5979;BYRKNESØY;0
NO;5981;MASFJORDNES;0
NO;5982;MASFJORDNES;0
NO;5983;HAUGSVÆR;0
NO;5984;MATREDAL;0
NO;5985;HAUGSVÆR;0
NO;5986;HOSTELAND;0
NO;5987;HOSTELAND;0
NO;5991;OSTEREIDET;0
NO;5993;OSTEREIDET;0
NO;5994;VIKANES;0
NO;6001;ÅLESUND;0
NO;6002;ÅLESUND;0
NO;6003;ÅLESUND;0
NO;6004;ÅLESUND;0
NO;6005;ÅLESUND;0
NO;6006;ÅLESUND;0
NO;6007;ÅLESUND;0
NO;6008;ÅLESUND;0
NO;6009;ÅLESUND;0
NO;6010;ÅLESUND;0
NO;6011;ÅLESUND;0
NO;6012;ÅLESUND;0
NO;6013;ÅLESUND;0
NO;6014;ÅLESUND;0
NO;6015;ÅLESUND;0
NO;6016;ÅLESUND;0
NO;6017;ÅLESUND;0
NO;6018;ÅLESUND;0
NO;6019;ÅLESUND;0
NO;6020;ÅLESUND;0
NO;6021;ÅLESUND;0
NO;6022;ÅLESUND;0
NO;6023;ÅLESUND;0
NO;6024;ÅLESUND;0
NO;6025;ÅLESUND;0
NO;6026;ÅLESUND;0
NO;6028;ÅLESUND;0
NO;6030;LANGEVÅG;0
NO;6034;EIDSNES;0
NO;6035;FISKARSTRAND;0
NO;6036;MAUSEIDVÅG;0
NO;6037;EIDSNES;0
NO;6038;FISKARSTRAND;0
NO;6039;LANGEVÅG;0
NO;6040;VIGRA;0
NO;6044;ÅLESUND;0
NO;6045;ÅLESUND;0
NO;6046;ÅLESUND;0
NO;6047;ÅLESUND;0
NO;6048;ÅLESUND;0
NO;6050;VALDERØYA;0
NO;6052;GISKE;0
NO;6054;GODØYA;0
NO;6055;GODØYA;0
NO;6057;ELLINGSØY;0
NO;6058;VALDERØYA;0
NO;6059;VIGRA;0
NO;6060;HAREID;0
NO;6062;BRANDAL;0
NO;6063;HJØRUNGAVÅG;0
NO;6064;HADDAL;0
NO;6065;ULSTEINVIK;0
NO;6067;ULSTEINVIK;0
NO;6068;EIKSUND;0
NO;6069;HAREID;0
NO;6070;TJØRVÅG;0
NO;6075;MOLTUSTRANDA;0
NO;6076;MOLTUSTRANDA;0
NO;6078;GJERDSVIKA;0
NO;6079;GURSKØY;0
NO;6080;GURSKØY;0
NO;6082;GURSKEN;0
NO;6083;GJERDSVIKA;0
NO;6084;LARSNES;0
NO;6085;LARSNES;0
NO;6086;KVAMSØY;0
NO;6087;KVAMSØY;0
NO;6088;SANDSHAMN;0
NO;6089;SANDSHAMN;0
NO;6090;FOSNAVÅG;0
NO;6091;FOSNAVÅG;0
NO;6092;FOSNAVÅG;0
NO;6094;LEINØY;0
NO;6095;BØLANDET;0
NO;6096;RUNDE;0
NO;6098;NERLANDSØY;0
NO;6099;FOSNAVÅG;0
NO;6100;VOLDA;0
NO;6101;VOLDA;0
NO;6102;VOLDA;0
NO;6103;VOLDA;0
NO;6104;VOLDA;0
NO;6105;VOLDA;0
NO;6106;VOLDA;0
NO;6110;AUSTEFJORDEN;0
NO;6120;FOLKESTAD;0
NO;6133;LAUVSTAD;0
NO;6134;LAUVSTAD;0
NO;6138;SYVDE;0
NO;6139;FISKÅ;0
NO;6140;SYVDE;0
NO;6141;ROVDE;0
NO;6142;EIDSÅ;0
NO;6143;FISKÅ;0
NO;6144;SYLTE;0
NO;6146;ÅHEIM;0
NO;6147;ÅHEIM;0
NO;6149;ÅRAM;0
NO;6150;ØRSTA;0
NO;6151;ØRSTA;0
NO;6152;ØRSTA;0
NO;6153;ØRSTA;0
NO;6154;ØRSTA;0
NO;6155;ØRSTA;0
NO;6156;ØRSTA;0
NO;6160;HOVDEBYGDA;0
NO;6161;HOVDEBYGDA;0
NO;6165;SÆBØ;0
NO;6166;SÆBØ;0
NO;6170;VARTDAL;0
NO;6171;VARTDAL;0
NO;6174;BARSTADVIK;0
NO;6183;TRANDAL;0
NO;6184;STORESTANDAL;0
NO;6190;BJØRKE;0
NO;6196;NORANGSFJORDEN;0
NO;6200;STRANDA;0
NO;6201;STRANDA;0
NO;6210;VALLDAL;0
NO;6211;VALLDAL;0
NO;6212;LIABYGDA;0
NO;6213;TAFJORD;0
NO;6214;NORDDAL;0
NO;6215;EIDSDAL;0
NO;6216;GEIRANGER;0
NO;6217;GEIRANGER;0
NO;6218;HELLESYLT;0
NO;6219;HELLESYLT;0
NO;6220;STRAUMGJERDE;0
NO;6222;IKORNNES;0
NO;6223;IKORNNES;0
NO;6224;HUNDEIDVIK;0
NO;6230;SYKKYLVEN;0
NO;6238;STRAUMGJERDE;0
NO;6239;SYKKYLVEN;0
NO;6240;ØRSKOG;0
NO;6249;ØRSKOG;0
NO;6250;STORDAL;0
NO;6255;EIDSDAL;0
NO;6259;STORDAL;0
NO;6260;SKODJE;0
NO;6263;SKODJE;0
NO;6264;TENNFJORD;0
NO;6265;VATNE;0
NO;6270;BRATTVÅG;0
NO;6272;HILDRE;0
NO;6280;SØVIK;0
NO;6281;SØVIK;0
NO;6282;BRATTVÅG;0
NO;6283;VATNE;0
NO;6285;STOREKALVØY;0
NO;6290;HARAMSØY;0
NO;6291;HARAMSØY;0
NO;6292;KJERSTAD;0
NO;6293;LONGVA;0
NO;6294;FJØRTOFT;0
NO;6300;ÅNDALSNES;0
NO;6301;ÅNDALSNES;0
NO;6310;VEBLUNGSNES;0
NO;6315;INNFJORDEN;0
NO;6320;ISFJORDEN;0
NO;6330;VERMA;0
NO;6331;VERMA;0
NO;6339;ISFJORDEN;0
NO;6350;EIDSBYGDA;0
NO;6360;ÅFARNES;0
NO;6361;ÅFARNES;0
NO;6363;MITTET;0
NO;6364;VISTDAL;0
NO;6365;VISTDAL;0
NO;6385;MÅNDALEN;0
NO;6386;MÅNDALEN;0
NO;6387;VÅGSTRANDA;0
NO;6388;VÅGSTRANDA;0
NO;6389;FIKSDAL;0
NO;6390;VESTNES;0
NO;6391;TRESFJORD;0
NO;6392;VIKEBUKT;0
NO;6393;TOMREFJORD;0
NO;6394;FIKSDAL;0
NO;6395;REKDAL;0
NO;6396;VIKEBUKT;0
NO;6397;TRESFJORD;0
NO;6398;TOMREFJORD;0
NO;6399;VESTNES;0
NO;6401;MOLDE;0
NO;6402;MOLDE;0
NO;6403;MOLDE;0
NO;6404;MOLDE;0
NO;6405;MOLDE;0
NO;6407;MOLDE;0
NO;6408;AUREOSEN;0
NO;6409;MOLDE;0
NO;6410;MOLDE;0
NO;6411;MOLDE;0
NO;6412;MOLDE;0
NO;6413;MOLDE;0
NO;6414;MOLDE;0
NO;6415;MOLDE;0
NO;6416;MOLDE;0
NO;6418;SEKKEN;0
NO;6419;MOLDE;0
NO;6421;MOLDE;0
NO;6422;MOLDE;0
NO;6423;MOLDE;0
NO;6425;MOLDE;0
NO;6429;MOLDE;0
NO;6430;BUD;0
NO;6431;BUD;0
NO;6433;HUSTAD;0
NO;6434;MOLDE;0
NO;6435;MOLDE;0
NO;6436;MOLDE;0
NO;6440;ELNESVÅGEN;0
NO;6443;TORNES I ROMSDAL;0
NO;6444;FARSTAD;0
NO;6445;MALMEFJORDEN;0
NO;6446;FARSTAD;0
NO;6447;ELNESVÅGEN;0
NO;6450;HJELSET;0
NO;6452;KLEIVE;0
NO;6453;KLEIVE;0
NO;6454;HJELSET;0
NO;6455;KORTGARDEN;0
NO;6456;SKÅLA;0
NO;6457;BOLSØYA;0
NO;6458;SKÅLA;0
NO;6460;EIDSVÅG I ROMSDAL;0
NO;6461;EIDSVÅG I ROMSDAL;0
NO;6462;RAUDSAND;0
NO;6470;ERESFJORD;0
NO;6471;ERESFJORD;0
NO;6472;EIKESDAL;0
NO;6475;MIDSUND;0
NO;6476;MIDSUND;0
NO;6480;AUKRA;0
NO;6481;AUKRA;0
NO;6483;ONA;0
NO;6484;SANDØY;0
NO;6485;HARØY;0
NO;6486;ORTEN;0
NO;6487;HARØY;0
NO;6488;MYKLEBOST;0
NO;6490;EIDE;0
NO;6493;LYNGSTAD;0
NO;6494;VEVANG;0
NO;6499;EIDE;0
NO;6501;KRISTIANSUND N;0
NO;6502;KRISTIANSUND N;0
NO;6503;KRISTIANSUND N;0
NO;6504;KRISTIANSUND N;0
NO;6506;KRISTIANSUND N;0
NO;6507;KRISTIANSUND N;0
NO;6508;KRISTIANSUND N;0
NO;6509;KRISTIANSUND N;0
NO;6510;KRISTIANSUND N;0
NO;6511;KRISTIANSUND N;0
NO;6512;KRISTIANSUND N;0
NO;6514;KRISTIANSUND N;0
NO;6515;KRISTIANSUND N;0
NO;6516;KRISTIANSUND N;0
NO;6517;KRISTIANSUND N;0
NO;6518;KRISTIANSUND N;0
NO;6520;FREI;0
NO;6521;FREI;0
NO;6522;FREI;0
NO;6523;FREI;0
NO;6524;FREI;0
NO;6525;FREI;0
NO;6527;FREI;0
NO;6528;FREI;0
NO;6529;FREI;0
NO;6530;AVERØY;0
NO;6531;AVERØY;0
NO;6532;AVERØY;0
NO;6533;AVERØY;0
NO;6538;AVERØY;0
NO;6539;AVERØY;0
NO;6546;KRISTIANSUND N;0
NO;6547;KRISTIANSUND N;0
NO;6548;KRISTIANSUND N;0
NO;6549;KRISTIANSUND N;0
NO;6570;SMØLA;0
NO;6571;SMØLA;0
NO;6590;TUSTNA;0
NO;6591;TUSTNA;0
NO;6600;SUNNDALSØRA;0
NO;6601;SUNNDALSØRA;0
NO;6610;ØKSENDAL;0
NO;6611;FURUGRENDA;0
NO;6612;GRØA;0
NO;6613;GJØRA;0
NO;6614;GJØRA;0
NO;6620;ÅLVUNDEID;0
NO;6622;ÅLVUNDFJORD;0
NO;6623;ÅLVUNDFJORD;0
NO;6627;TINGVOLL;0
NO;6628;MEISINGSET;0
NO;6629;TORJULVÅGEN;0
NO;6630;TINGVOLL;0
NO;6631;BATNFJORDSØRA;0
NO;6632;BATNFJORDSØRA;0
NO;6633;GJEMNES;0
NO;6636;ANGVIK;0
NO;6637;FLEMMA;0
NO;6638;OSMARKA;0
NO;6639;TORVIKBUKT;0
NO;6640;KVANNE;0
NO;6641;TORVIKBUKT;0
NO;6642;STANGVIK;0
NO;6643;BØFJORDEN;0
NO;6644;BÆVERFJORD;0
NO;6645;TODALEN;0
NO;6650;SURNADAL;0
NO;6652;SURNADAL;0
NO;6653;ØVRE SURNADAL;0
NO;6655;VINDØLA;0
NO;6656;SURNADAL;0
NO;6657;RINDAL;0
NO;6658;RINDALSSKOGEN;0
NO;6659;RINDAL;0
NO;6670;ØYDEGARD;0
NO;6671;ØYDEGARD;0
NO;6674;KVISVIK;0
NO;6680;HALSANAUSTAN;0
NO;6683;VÅGLAND;0
NO;6686;VALSØYBOTN;0
NO;6687;VALSØYFJORD;0
NO;6688;VÅGLAND;0
NO;6689;AURE;0
NO;6690;AURE;0
NO;6693;MJOSUNDET;0
NO;6694;FOLDFJORDEN;0
NO;6697;VIHALS;0
NO;6698;LESUND;0
NO;6699;KJØRSVIKBUGEN;0
NO;6700;MÅLØY;0
NO;6701;MÅLØY;0
NO;6702;MÅLØY;0
NO;6703;MÅLØY;0
NO;6704;DEKNEPOLLEN;0
NO;6707;RAUDEBERG;0
NO;6708;BRYGGJA;0
NO;6710;RAUDEBERG;0
NO;6711;BRYGGJA;0
NO;6713;ALMENNINGEN;0
NO;6714;SILDA;0
NO;6715;BARMEN;0
NO;6716;HUSEVÅG;0
NO;6717;FLATRAKET;0
NO;6718;DEKNEPOLLEN;0
NO;6719;SKATESTRAUMEN;0
NO;6721;SVELGEN;0
NO;6723;SVELGEN;0
NO;6726;BREMANGER;0
NO;6727;BREMANGER;0
NO;6728;KALVÅG;0
NO;6729;KALVÅG;0
NO;6730;DAVIK;0
NO;6734;RUGSUND;0
NO;6737;ÅLFOTEN;0
NO;6740;SELJE;0
NO;6741;SELJE;0
NO;6750;STADLANDET;0
NO;6751;STADLANDET;0
NO;6761;HORNINDAL;0
NO;6763;HORNINDAL;0
NO;6770;NORDFJORDEID;0
NO;6771;NORDFJORDEID;0
NO;6772;NORDFJORDEID;0
NO;6773;NORDFJORDEID;0
NO;6774;NORDFJORDEID;0
NO;6776;KJØLSDALEN;0
NO;6777;STÅRHEIM;0
NO;6778;LOTE;0
NO;6779;HOLMØYANE;0
NO;6781;STRYN;0
NO;6782;STRYN;0
NO;6783;STRYN;0
NO;6784;OLDEN;0
NO;6788;OLDEN;0
NO;6789;LOEN;0
NO;6790;LOEN;0
NO;6791;OLDEDALEN;0
NO;6792;BRIKSDALSBRE;0
NO;6793;INNVIK;0
NO;6794;INNVIK;0
NO;6795;BLAKSÆTER;0
NO;6796;HOPLAND;0
NO;6797;UTVIK;0
NO;6798;HJELLEDALEN;0
NO;6799;OPPSTRYN;0
NO;6800;FØRDE;0
NO;6801;FØRDE;0
NO;6802;FØRDE;0
NO;6803;FØRDE;0
NO;6804;FØRDE;0
NO;6805;FØRDE;0
NO;6806;NAUSTDAL;0
NO;6807;FØRDE;0
NO;6808;FØRDE;0
NO;6809;FØRDE;0
NO;6810;FØRDE;0
NO;6811;FØRDE;0
NO;6812;FØRDE;0
NO;6813;FØRDE;0
NO;6814;FØRDE;0
NO;6815;FØRDE;0
NO;6817;NAUSTDAL;0
NO;6818;HAUKEDALEN;0
NO;6819;FØRDE;0
NO;6820;FØRDE;0
NO;6821;SANDANE;0
NO;6822;SANDANE;0
NO;6823;SANDANE;0
NO;6826;BYRKJELO;0
NO;6827;BREIM;0
NO;6828;HESTENESØYRA;0
NO;6829;HYEN;0
NO;6830;BYRKJELO;0
NO;6831;HYEN;0
NO;6841;SKEI I JØLSTER;0
NO;6843;SKEI I JØLSTER;0
NO;6844;VASSENDEN;0
NO;6845;FJÆRLAND;0
NO;6847;VASSENDEN;0
NO;6848;FJÆRLAND;0
NO;6849;KAUPANGER;0
NO;6851;SOGNDAL;0
NO;6852;SOGNDAL;0
NO;6853;SOGNDAL;0
NO;6854;KAUPANGER;0
NO;6855;FRØNNINGEN;0
NO;6856;SOGNDAL;0
NO;6857;SOGNDAL;0
NO;6858;FARDAL;0
NO;6859;SLINDE;0
NO;6861;LEIKANGER;0
NO;6863;LEIKANGER;0
NO;6866;GAUPNE;0
NO;6867;HAFSLO;0
NO;6868;GAUPNE;0
NO;6869;HAFSLO;0
NO;6870;ORNES;0
NO;6871;JOSTEDAL;0
NO;6872;LUSTER;0
NO;6873;MARIFJØRA;0
NO;6874;LUSTER;0
NO;6875;HØYHEIMSVIK;0
NO;6876;SKJOLDEN;0
NO;6877;FORTUN;0
NO;6878;VEITASTROND;0
NO;6879;SOLVORN;0
NO;6881;ÅRDALSTANGEN;0
NO;6882;ØVRE ÅRDAL;0
NO;6884;ØVRE ÅRDAL;0
NO;6885;ÅRDALSTANGEN;0
NO;6886;LÆRDAL;0
NO;6887;LÆRDAL;0
NO;6888;BORGUND;0
NO;6891;VIK I SOGN;0
NO;6893;VIK I SOGN;0
NO;6894;VANGSNES;0
NO;6895;FEIOS;0
NO;6896;FRESVIK;0
NO;6898;BALESTRAND;0
NO;6899;BALESTRAND;0
NO;6900;FLORØ;0
NO;6901;FLORØ;0
NO;6902;FLORØ;0
NO;6903;FLORØ;0
NO;6905;FLORØ;0
NO;6906;FLORØ;0
NO;6907;FLORØ;0
NO;6908;FLORØ;0
NO;6909;FLORØ;0
NO;6910;FLORØ;0
NO;6912;KINN;0
NO;6913;FLORØ;0
NO;6914;SVANØYBUKT;0
NO;6915;ROGNALDSVÅG;0
NO;6916;BAREKSTAD;0
NO;6917;BATALDEN;0
NO;6918;SØR-SKORPA;0
NO;6919;TANSØY;0
NO;6921;HARDBAKKE;0
NO;6924;HARDBAKKE;0
NO;6926;KRAKHELLA;0
NO;6927;YTRØYGREND;0
NO;6928;KOLGROV;0
NO;6929;HERSVIKBYGDA;0
NO;6940;EIKEFJORD;0
NO;6941;EIKEFJORD;0
NO;6942;SVORTEVIK;0
NO;6944;STAVANG;0
NO;6946;LAVIK;0
NO;6947;LAVIK;0
NO;6951;LEIRVIK I SOGN;0
NO;6953;LEIRVIK I SOGN;0
NO;6957;HYLLESTAD;0
NO;6958;SØRBØVÅG;0
NO;6959;SØRBØVÅG;0
NO;6961;DALE I SUNNFJORD;0
NO;6963;DALE I SUNNFJORD;0
NO;6964;KORSSUND;0
NO;6966;GUDDAL;0
NO;6967;HELLEVIK I FJALER;0
NO;6968;FLEKKE;0
NO;6969;STRAUMSNES;0
NO;6971;SANDE I SUNNFJORD;0
NO;6973;SANDE I SUNNFJORD;0
NO;6975;SKILBREI;0
NO;6976;BYGSTAD;0
NO;6977;BYGSTAD;0
NO;6978;VIKSDALEN;0
NO;6980;ASKVOLL;0
NO;6982;HOLMEDAL;0
NO;6983;KVAMMEN;0
NO;6984;STONGFJORDEN;0
NO;6985;ATLØY;0
NO;6986;VÆRLANDET;0
NO;6987;BULANDET;0
NO;6988;ASKVOLL;0
NO;6991;HØYANGER;0
NO;6993;HØYANGER;0
NO;6994;NESSANE;0
NO;6995;KYRKJEBØ;0
NO;6996;VADHEIM;0
NO;6997;VADHEIM;0
NO;7003;TRONDHEIM;0
NO;7004;TRONDHEIM;0
NO;7005;TRONDHEIM;0
NO;7006;TRONDHEIM;0
NO;7010;TRONDHEIM;0
NO;7011;TRONDHEIM;0
NO;7012;TRONDHEIM;0
NO;7013;TRONDHEIM;0
NO;7014;TRONDHEIM;0
NO;7015;TRONDHEIM;0
NO;7016;TRONDHEIM;0
NO;7017;TRONDHEIM;0
NO;7018;TRONDHEIM;0
NO;7019;TRONDHEIM;0
NO;7020;TRONDHEIM;0
NO;7021;TRONDHEIM;0
NO;7022;TRONDHEIM;0
NO;7023;TRONDHEIM;0
NO;7024;TRONDHEIM;0
NO;7025;TRONDHEIM;0
NO;7026;TRONDHEIM;0
NO;7027;TRONDHEIM;0
NO;7028;TRONDHEIM;0
NO;7029;TRONDHEIM;0
NO;7030;TRONDHEIM;0
NO;7031;TRONDHEIM;0
NO;7032;TRONDHEIM;0
NO;7033;TRONDHEIM;0
NO;7034;TRONDHEIM;0
NO;7035;TRONDHEIM;0
NO;7036;TRONDHEIM;0
NO;7037;TRONDHEIM;0
NO;7038;TRONDHEIM;0
NO;7039;TRONDHEIM;0
NO;7040;TRONDHEIM;0
NO;7041;TRONDHEIM;0
NO;7042;TRONDHEIM;0
NO;7043;TRONDHEIM;0
NO;7044;TRONDHEIM;0
NO;7045;TRONDHEIM;0
NO;7046;TRONDHEIM;0
NO;7047;TRONDHEIM;0
NO;7048;TRONDHEIM;0
NO;7049;TRONDHEIM;0
NO;7050;TRONDHEIM;0
NO;7051;TRONDHEIM;0
NO;7052;TRONDHEIM;0
NO;7053;RANHEIM;0
NO;7054;RANHEIM;0
NO;7055;RANHEIM;0
NO;7056;RANHEIM;0
NO;7057;JONSVATNET;0
NO;7058;JAKOBSLI;0
NO;7059;JAKOBSLI;0
NO;7066;TRONDHEIM;0
NO;7067;TRONDHEIM;0
NO;7068;TRONDHEIM;0
NO;7069;TRONDHEIM;0
NO;7070;BOSBERG;0
NO;7071;TRONDHEIM;0
NO;7072;HEIMDAL;0
NO;7074;SPONGDAL;0
NO;7075;TILLER;0
NO;7078;SAUPSTAD;0
NO;7079;FLATÅSEN;0
NO;7080;HEIMDAL;0
NO;7081;SJETNEMARKA;0
NO;7082;KATTEM;0
NO;7083;LEINSTRAND;0
NO;7088;HEIMDAL;0
NO;7089;HEIMDAL;0
NO;7091;TILLER;0
NO;7092;TILLER;0
NO;7093;TILLER;0
NO;7097;SAUPSTAD;0
NO;7098;SAUPSTAD;0
NO;7099;FLATÅSEN;0
NO;7100;RISSA;0
NO;7101;RISSA;0
NO;7105;STADSBYGD;0
NO;7110;FEVÅG;0
NO;7111;HASSELVIKA;0
NO;7112;HASSELVIKA;0
NO;7113;HUSBYSJØEN;0
NO;7114;RÅKVÅG;0
NO;7115;HUSBYSJØEN;0
NO;7116;RÅKVÅG;0
NO;7119;STADSBYGD;0
NO;7120;LEKSVIK;0
NO;7121;LEKSVIK;0
NO;7125;VANVIKAN;0
NO;7126;VANVIKAN;0
NO;7127;OPPHAUG;0
NO;7129;BREKSTAD;0
NO;7130;BREKSTAD;0
NO;7140;OPPHAUG;0
NO;7142;UTHAUG;0
NO;7150;STORFOSNA;0
NO;7151;STORFOSNA;0
NO;7152;KRÅKVÅG;0
NO;7153;GARTEN;0
NO;7156;LEKSA;0
NO;7159;BJUGN;0
NO;7160;BJUGN;0
NO;7164;LYSØYSUNDET;0
NO;7165;OKSVOLL;0
NO;7166;TARVA;0
NO;7167;VALLERSUND;0
NO;7168;LYSØYSUNDET;0
NO;7169;ÅFJORD;0
NO;7170;ÅFJORD;0
NO;7174;REVSNES;0
NO;7175;STOKKØY;0
NO;7176;LINESØYA;0
NO;7177;REVSNES;0
NO;7178;STOKKØY;0
NO;7180;ROAN;0
NO;7181;ROAN;0
NO;7190;BESSAKER;0
NO;7194;BRANDSFJORD;0
NO;7200;KYRKSÆTERØRA;0
NO;7201;KYRKSÆTERØRA;0
NO;7203;VINJEØRA;0
NO;7206;HELLANDSJØEN;0
NO;7211;KORSVEGEN;0
NO;7212;KORSVEGEN;0
NO;7213;GÅSBAKKEN;0
NO;7221;MELHUS;0
NO;7223;MELHUS;0
NO;7224;MELHUS;0
NO;7227;GIMSE;0
NO;7228;KVÅL;0
NO;7231;LUNDAMO;0
NO;7232;LUNDAMO;0
NO;7234;LER;0
NO;7235;LER;0
NO;7236;HOVIN I GAULDAL;0
NO;7238;HOVIN I GAULDAL;0
NO;7239;HITRA;0
NO;7240;HITRA;0
NO;7241;ANSNES;0
NO;7242;KNARRLAGSUND;0
NO;7243;KVENVÆR;0
NO;7244;KNARRLAGSUND;0
NO;7245;KVENVÆR;0
NO;7246;SANDSTAD;0
NO;7247;HESTVIKA;0
NO;7250;MELANDSJØ;0
NO;7252;DOLMØY;0
NO;7255;SUNDLANDET;0
NO;7256;HEMNSKJELA;0
NO;7257;SNILLFJORD;0
NO;7259;SNILLFJORD;0
NO;7260;SISTRANDA;0
NO;7261;SISTRANDA;0
NO;7263;HAMARVIK;0
NO;7264;HAMARVIK;0
NO;7266;KVERVA;0
NO;7267;KVERVA;0
NO;7268;TITRAN;0
NO;7270;DYRVIK;0
NO;7273;NORDDYRØY;0
NO;7274;NORDDYRØY;0
NO;7280;SULA;0
NO;7282;BOGØYVÆR;0
NO;7284;MAUSUND;0
NO;7285;GJÆSINGEN;0
NO;7286;SØRBURØY;0
NO;7287;SAUØY;0
NO;7288;SOKNEDAL;0
NO;7289;SOKNEDAL;0
NO;7290;STØREN;0
NO;7291;STØREN;0
NO;7295;ROGNES;0
NO;7298;BUDALEN;0
NO;7300;ORKANGER;0
NO;7301;ORKANGER;0
NO;7302;ORKANGER;0
NO;7303;ORKANGER;0
NO;7310;GJØLME;0
NO;7315;LENSVIK;0
NO;7316;LENSVIK;0
NO;7318;AGDENES;0
NO;7319;AGDENES;0
NO;7320;FANNREM;0
NO;7321;FANNREM;0
NO;7327;SVORKMO;0
NO;7329;SVORKMO;0
NO;7331;LØKKEN VERK;0
NO;7332;LØKKEN VERK;0
NO;7333;STORÅS;0
NO;7334;STORÅS;0
NO;7335;JERPSTAD;0
NO;7336;MELDAL;0
NO;7338;MELDAL;0
NO;7340;OPPDAL;0
NO;7341;OPPDAL;0
NO;7342;LØNSET;0
NO;7343;VOGNILL;0
NO;7345;DRIVA;0
NO;7350;BUVIKA;0
NO;7351;BUVIKA;0
NO;7353;BØRSA;0
NO;7354;VIGGJA;0
NO;7355;EGGKLEIVA;0
NO;7356;SKAUN;0
NO;7357;SKAUN;0
NO;7358;BØRSA;0
NO;7361;RØROS;0
NO;7370;BREKKEBYGD;0
NO;7372;GLÅMOS;0
NO;7374;RØROS;0
NO;7375;RØROS;0
NO;7380;ÅLEN;0
NO;7383;HALTDALEN;0
NO;7384;ÅLEN;0
NO;7386;SINGSÅS;0
NO;7387;SINGSÅS;0
NO;7388;SINGSÅS;0
NO;7391;RENNEBU;0
NO;7392;RENNEBU;0
NO;7393;RENNEBU;0
NO;7397;RENNEBU;0
NO;7398;RENNEBU;0
NO;7399;RENNEBU;0
NO;7400;TRONDHEIM;0
NO;7401;TRONDHEIM;0
NO;7402;TRONDHEIM;0
NO;7403;TRONDHEIM;0
NO;7404;TRONDHEIM;0
NO;7405;TRONDHEIM;0
NO;7406;TRONDHEIM;0
NO;7407;TRONDHEIM;0
NO;7408;TRONDHEIM;0
NO;7409;TRONDHEIM;0
NO;7410;TRONDHEIM;0
NO;7411;TRONDHEIM;0
NO;7412;TRONDHEIM;0
NO;7413;TRONDHEIM;0
NO;7414;TRONDHEIM;0
NO;7415;TRONDHEIM;0
NO;7416;TRONDHEIM;0
NO;7417;TRONDHEIM;0
NO;7418;TRONDHEIM;0
NO;7419;TRONDHEIM;0
NO;7420;TRONDHEIM;0
NO;7421;TRONDHEIM;0
NO;7422;TRONDHEIM;0
NO;7424;TRONDHEIM;0
NO;7425;TRONDHEIM;0
NO;7426;TRONDHEIM;0
NO;7427;TRONDHEIM;0
NO;7428;TRONDHEIM;0
NO;7429;TRONDHEIM;0
NO;7430;TRONDHEIM;0
NO;7431;TRONDHEIM;0
NO;7432;TRONDHEIM;0
NO;7433;TRONDHEIM;0
NO;7434;TRONDHEIM;0
NO;7435;TRONDHEIM;0
NO;7436;TRONDHEIM;0
NO;7437;TRONDHEIM;0
NO;7438;TRONDHEIM;0
NO;7439;TRONDHEIM;0
NO;7440;TRONDHEIM;0
NO;7441;TRONDHEIM;0
NO;7442;TRONDHEIM;0
NO;7443;TRONDHEIM;0
NO;7444;TRONDHEIM;0
NO;7445;TRONDHEIM;0
NO;7446;TRONDHEIM;0
NO;7447;TRONDHEIM;0
NO;7448;TRONDHEIM;0
NO;7449;TRONDHEIM;0
NO;7450;TRONDHEIM;0
NO;7451;TRONDHEIM;0
NO;7452;TRONDHEIM;0
NO;7453;TRONDHEIM;0
NO;7454;TRONDHEIM;0
NO;7455;TRONDHEIM;0
NO;7456;TRONDHEIM;0
NO;7457;TRONDHEIM;0
NO;7458;TRONDHEIM;0
NO;7459;TRONDHEIM;0
NO;7462;TRONDHEIM;0
NO;7463;TRONDHEIM;0
NO;7464;TRONDHEIM;0
NO;7465;TRONDHEIM;0
NO;7466;TRONDHEIM;0
NO;7467;TRONDHEIM;0
NO;7468;TRONDHEIM;0
NO;7469;TRONDHEIM;0
NO;7470;TRONDHEIM;0
NO;7471;TRONDHEIM;0
NO;7472;TRONDHEIM;0
NO;7473;TRONDHEIM;0
NO;7474;TRONDHEIM;0
NO;7475;TRONDHEIM;0
NO;7476;TRONDHEIM;0
NO;7477;TRONDHEIM;0
NO;7478;TRONDHEIM;0
NO;7479;TRONDHEIM;0
NO;7480;TRONDHEIM;0
NO;7481;TRONDHEIM;0
NO;7482;TRONDHEIM;0
NO;7483;TRONDHEIM;0
NO;7484;TRONDHEIM;0
NO;7485;TRONDHEIM;0
NO;7486;TRONDHEIM;0
NO;7487;TRONDHEIM;0
NO;7488;TRONDHEIM;0
NO;7489;TRONDHEIM;0
NO;7490;TRONDHEIM;0
NO;7491;TRONDHEIM;0
NO;7492;TRONDHEIM;0
NO;7493;TRONDHEIM;0
NO;7494;TRONDHEIM;0
NO;7495;TRONDHEIM;0
NO;7496;TRONDHEIM;0
NO;7497;TRONDHEIM;0
NO;7498;TRONDHEIM;0
NO;7500;STJØRDAL;0
NO;7501;STJØRDAL;0
NO;7502;STJØRDAL;0
NO;7503;STJØRDAL;0
NO;7504;STJØRDAL;0
NO;7505;STJØRDAL;0
NO;7506;STJØRDAL;0
NO;7507;STJØRDAL;0
NO;7508;STJØRDAL;0
NO;7509;STJØRDAL;0
NO;7510;SKATVAL;0
NO;7511;SKATVAL;0
NO;7512;STJØRDAL;0
NO;7513;STJØRDAL;0
NO;7514;STJØRDAL;0
NO;7517;HELL;0
NO;7519;ELVARLI;0
NO;7520;HEGRA;0
NO;7525;FLORNES;0
NO;7529;HEGRA;0
NO;7530;MERÅKER;0
NO;7531;MERÅKER;0
NO;7533;KOPPERÅ;0
NO;7540;KLÆBU;0
NO;7541;KLÆBU;0
NO;7549;TANEM;0
NO;7550;HOMMELVIK;0
NO;7551;HOMMELVIK;0
NO;7560;VIKHAMMER;0
NO;7562;SAKSVIK;0
NO;7563;MALVIK;0
NO;7566;VIKHAMMER;0
NO;7570;HELL;0
NO;7580;SELBU;0
NO;7581;SELBU;0
NO;7583;SELBU;0
NO;7584;SELBUSTRAND;0
NO;7590;TYDAL;0
NO;7591;TYDAL;0
NO;7596;FLAKNAN;0
NO;7600;LEVANGER;0
NO;7601;LEVANGER;0
NO;7602;LEVANGER;0
NO;7603;LEVANGER;0
NO;7604;LEVANGER;0
NO;7605;LEVANGER;0
NO;7606;LEVANGER;0
NO;7607;LEVANGER;0
NO;7608;LEVANGER;0
NO;7609;LEVANGER;0
NO;7610;LEVANGER;0
NO;7619;SKOGN;0
NO;7620;SKOGN;0
NO;7622;MARKABYGDA;0
NO;7623;RONGLAN;0
NO;7624;EKNE;0
NO;7629;YTTERØY;0
NO;7630;ÅSEN;0
NO;7631;ÅSEN;0
NO;7632;ÅSENFJORD;0
NO;7633;FROSTA;0
NO;7634;FROSTA;0
NO;7650;VERDAL;0
NO;7651;VERDAL;0
NO;7652;VERDAL;0
NO;7653;VERDAL;0
NO;7654;VERDAL;0
NO;7655;VERDAL;0
NO;7656;VERDAL;0
NO;7657;VERDAL;0
NO;7658;VERDAL;0
NO;7660;VUKU;0
NO;7661;VUKU;0
NO;7670;INDERØY;0
NO;7671;INDERØY;0
NO;7672;INDERØY;0
NO;7690;MOSVIK;0
NO;7691;MOSVIK;0
NO;7701;STEINKJER;0
NO;7702;STEINKJER;0
NO;7703;STEINKJER;0
NO;7704;STEINKJER;0
NO;7705;STEINKJER;0
NO;7707;STEINKJER;0
NO;7708;STEINKJER;0
NO;7709;STEINKJER;0
NO;7710;SPARBU;0
NO;7711;STEINKJER;0
NO;7712;STEINKJER;0
NO;7713;STEINKJER;0
NO;7714;STEINKJER;0
NO;7715;STEINKJER;0
NO;7716;STEINKJER;0
NO;7717;STEINKJER;0
NO;7718;STEINKJER;0
NO;7724;STEINKJER;0
NO;7725;STEINKJER;0
NO;7726;STEINKJER;0
NO;7729;STEINKJER;0
NO;7730;BEITSTAD;0
NO;7732;STEINKJER;0
NO;7733;SPARBU;0
NO;7734;STEINKJER;0
NO;7735;STEINKJER;0
NO;7736;STEINKJER;0
NO;7737;STEINKJER;0
NO;7738;STEINKJER;0
NO;7739;BEITSTAD;0
NO;7740;STEINSDALEN;0
NO;7741;STEINSDALEN;0
NO;7742;YTTERVÅG;0
NO;7744;HEPSØY;0
NO;7745;OPPLAND;0
NO;7746;HASVÅG;0
NO;7748;SETER;0
NO;7750;NAMDALSEID;0
NO;7751;NAMDALSEID;0
NO;7760;SNÅSA;0
NO;7761;SNÅSA;0
NO;7770;FLATANGER;0
NO;7771;FLATANGER;0
NO;7777;NORD-STATLAND;0
NO;7790;MALM;0
NO;7791;MALM;0
NO;7795;FOLLAFOSS;0
NO;7796;FOLLAFOSS;0
NO;7797;VERRABOTN;0
NO;7800;NAMSOS;0
NO;7801;NAMSOS;0
NO;7802;NAMSOS;0
NO;7803;NAMSOS;0
NO;7804;NAMSOS;0
NO;7805;NAMSOS;0
NO;7808;NAMSOS;0
NO;7810;NAMSOS;0
NO;7817;SALSNES;0
NO;7818;LUND;0
NO;7819;FOSSLANDSOSEN;0
NO;7820;SPILLUM;0
NO;7821;SPILLUM;0
NO;7822;BANGSUND;0
NO;7823;BANGSUND;0
NO;7856;JØA;0
NO;7860;SKAGE I NAMDALEN;0
NO;7863;OVERHALLA;0
NO;7864;OVERHALLA;0
NO;7869;SKAGE I NAMDALEN;0
NO;7870;GRONG;0
NO;7871;GRONG;0
NO;7873;HARRAN;0
NO;7874;HARRAN;0
NO;7876;KONGSMOEN;0
NO;7877;HØYLANDET;0
NO;7878;HØYLANDET;0
NO;7881;NORDLI;0
NO;7882;NORDLI;0
NO;7884;SØRLI;0
NO;7885;SØRLI;0
NO;7890;NAMSSKOGAN;0
NO;7891;NAMSSKOGAN;0
NO;7892;TRONES;0
NO;7893;SKOROVATN;0
NO;7896;BREKKVASSELV;0
NO;7897;LIMINGEN;0
NO;7898;LIMINGEN;0
NO;7900;RØRVIK;0
NO;7901;RØRVIK;0
NO;7902;RØRVIK;0
NO;7940;OTTERSØY;0
NO;7941;OTTERSØY;0
NO;7944;INDRE NÆRØY;0
NO;7950;ABELVÆR;0
NO;7960;SALSBRUKET;0
NO;7970;KOLVEREID;0
NO;7971;KOLVEREID;0
NO;7973;GJERDINGA;0
NO;7979;TERRÅK;0
NO;7980;TERRÅK;0
NO;7981;HARANGSFJORD;0
NO;7982;BINDALSEIDET;0
NO;7983;BINDALSEIDET;0
NO;7985;FOLDEREID;0
NO;7986;FOLDEREID;0
NO;7990;NAUSTBUKTA;0
NO;7993;GUTVIK;0
NO;7994;LEKA;0
NO;7995;LEKA;0
NO;8001;BODØ;0
NO;8002;BODØ;0
NO;8003;BODØ;0
NO;8004;BODØ;0
NO;8005;BODØ;0
NO;8006;BODØ;0
NO;8007;BODØ;0
NO;8008;BODØ;0
NO;8009;BODØ;0
NO;8010;BODØ;0
NO;8011;BODØ;0
NO;8012;BODØ;0
NO;8013;BODØ;0
NO;8014;BODØ;0
NO;8015;BODØ;0
NO;8016;BODØ;0
NO;8019;BODØ;0
NO;8020;BODØ;0
NO;8021;BODØ;0
NO;8022;BODØ;0
NO;8023;BODØ;0
NO;8026;BODØ;0
NO;8027;BODØ;0
NO;8028;BODØ;0
NO;8029;BODØ;0
NO;8030;BODØ;0
NO;8031;BODØ;0
NO;8037;BODØ;0
NO;8038;BODØ;0
NO;8041;BODØ;0
NO;8047;BODØ;0
NO;8048;BODØ;0
NO;8049;BODØ;0
NO;8050;TVERLANDET;0
NO;8056;SALTSTRAUMEN;0
NO;8057;SALTSTRAUMEN;0
NO;8058;TVERLANDET;0
NO;8062;VÆRØY;0
NO;8063;VÆRØY;0
NO;8064;RØST;0
NO;8065;RØST;0
NO;8070;BODØ;0
NO;8071;BODØ;0
NO;8072;BODØ;0
NO;8073;BODØ;0
NO;8074;BODØ;0
NO;8075;BODØ;0
NO;8076;BODØ;0
NO;8079;BODØ;0
NO;8084;BODØ;0
NO;8086;BODØ;0
NO;8087;BODØ;0
NO;8088;BODØ;0
NO;8089;BODØ;0
NO;8091;BODØ;0
NO;8092;BODØ;0
NO;8093;KJERRINGØY;0
NO;8094;FLEINVÆR;0
NO;8095;HELLIGVÆR;0
NO;8096;BLIKSVÆR;0
NO;8097;GIVÆR;0
NO;8098;LANDEGODE;0
NO;8099;JAN MAYEN;0
NO;8100;MISVÆR;0
NO;8102;SKJERSTAD;0
NO;8103;BREIVIK I SALTEN;0
NO;8108;MISVÆR;0
NO;8110;MOLDJORD;0
NO;8114;TOLLÅ;0
NO;8118;MOLDJORD;0
NO;8120;NYGÅRDSJØEN;0
NO;8128;YTRE BEIARN;0
NO;8130;SANDHORNØY;0
NO;8134;SØRARNØY;0
NO;8135;SØRARNØY;0
NO;8136;NORDARNØY;0
NO;8138;INNDYR;0
NO;8140;INNDYR;0
NO;8145;STORVIK;0
NO;8146;REIPÅ;0
NO;8149;NEVERDAL;0
NO;8150;ØRNES;0
NO;8151;ØRNES;0
NO;8157;MELØY;0
NO;8158;BOLGA;0
NO;8159;STØTT;0
NO;8160;GLOMFJORD;0
NO;8161;GLOMFJORD;0
NO;8168;ENGAVÅGEN;0
NO;8170;ENGAVÅGEN;0
NO;8178;HALSA;0
NO;8179;HALSA;0
NO;8181;MYKEN;0
NO;8182;MELFJORDBOTN;0
NO;8183;VÅGAHOLMEN;0
NO;8184;ÅGSKARDET;0
NO;8185;VÅGAHOLMEN;0
NO;8186;TJONGSFJORDEN;0
NO;8187;JEKTVIK;0
NO;8188;NORDVERNES;0
NO;8189;GJERSVIKGRENDA;0
NO;8190;SØRFJORDEN;0
NO;8193;RØDØY;0
NO;8195;GJERØY;0
NO;8196;SELSØYVIK;0
NO;8197;STORSELSØY;0
NO;8198;NORDNESØY;0
NO;8200;FAUSKE;0
NO;8201;FAUSKE;0
NO;8202;FAUSKE;0
NO;8203;FAUSKE;0
NO;8205;FAUSKE;0
NO;8206;FAUSKE;0
NO;8207;FAUSKE;0
NO;8208;FAUSKE;0
NO;8209;FAUSKE;0
NO;8210;FAUSKE;0
NO;8211;FAUSKE;0
NO;8214;FAUSKE;0
NO;8215;VALNESFJORD;0
NO;8218;FAUSKE;0
NO;8219;FAUSKE;0
NO;8220;RØSVIK;0
NO;8226;STRAUMEN;0
NO;8230;SULITJELMA;0
NO;8231;SULITJELMA;0
NO;8232;STRAUMEN;0
NO;8233;VALNESFJORD;0
NO;8250;ROGNAN;0
NO;8251;ROGNAN;0
NO;8252;ROGNAN;0
NO;8253;ROGNAN;0
NO;8255;RØKLAND;0
NO;8256;RØKLAND;0
NO;8260;INNHAVET;0
NO;8261;INNHAVET;0
NO;8264;ENGAN;0
NO;8266;MØRSVIKBOTN;0
NO;8270;DRAG;0
NO;8271;DRAG;0
NO;8273;NEVERVIK;0
NO;8274;MUSKEN;0
NO;8275;STORJORD I TYSFJORD;0
NO;8276;ULVSVÅG;0
NO;8278;STORÅ;0
NO;8281;LEINESFJORD;0
NO;8283;LEINESFJORD;0
NO;8285;LEINES;0
NO;8286;NORDFOLD;0
NO;8287;ENGELØYA;0
NO;8288;BOGØY;0
NO;8289;ENGELØYA;0
NO;8290;SKUTVIK;0
NO;8294;HAMARØY;0
NO;8297;TRANØY;0
NO;8298;HAMARØY;0
NO;8300;SVOLVÆR;0
NO;8301;SVOLVÆR;0
NO;8305;SVOLVÆR;0
NO;8309;KABELVÅG;0
NO;8310;KABELVÅG;0
NO;8311;HENNINGSVÆR;0
NO;8312;HENNINGSVÆR;0
NO;8313;KLEPPSTAD;0
NO;8314;GIMSØYSAND;0
NO;8315;LAUKVIK;0
NO;8316;LAUPSTAD;0
NO;8317;STRØNSTAD;0
NO;8320;SKROVA;0
NO;8322;BRETTESNES;0
NO;8323;STORFJELL;0
NO;8324;DIGERMULEN;0
NO;8325;TENGELFJORD;0
NO;8326;MYRLAND;0
NO;8328;STORMOLLA;0
NO;8340;STAMSUND;0
NO;8352;SENNESVIK;0
NO;8357;VALBERG;0
NO;8360;BØSTAD;0
NO;8361;BØSTAD;0
NO;8370;LEKNES;0
NO;8372;GRAVDAL;0
NO;8373;BALLSTAD;0
NO;8374;BALLSTAD;0
NO;8376;LEKNES;0
NO;8377;GRAVDAL;0
NO;8378;STAMSUND;0
NO;8380;RAMBERG;0
NO;8382;NAPP;0
NO;8384;SUND I LOFOTEN;0
NO;8387;FREDVANG;0
NO;8388;RAMBERG;0
NO;8390;REINE;0
NO;8392;SØRVÅGEN;0
NO;8393;SØRVÅGEN;0
NO;8398;REINE;0
NO;8400;SORTLAND;0
NO;8401;SORTLAND;0
NO;8402;SORTLAND;0
NO;8403;SORTLAND;0
NO;8404;SORTLAND;0
NO;8405;SORTLAND;0
NO;8406;SORTLAND;0
NO;8407;SORTLAND;0
NO;8408;SORTLAND;0
NO;8409;GULLESFJORD;0
NO;8410;LØDINGEN;0
NO;8411;LØDINGEN;0
NO;8412;VESTBYGD;0
NO;8413;KVITNES;0
NO;8414;HENNES;0
NO;8415;SORTLAND;0
NO;8416;SORTLAND;0
NO;8419;SORTLAND;0
NO;8426;BARKESTAD;0
NO;8428;TUNSTAD;0
NO;8430;MYRE;0
NO;8432;ALSVÅG;0
NO;8438;STØ;0
NO;8439;MYRE;0
NO;8445;MELBU;0
NO;8447;LONKAN;0
NO;8450;STOKMARKNES;0
NO;8455;STOKMARKNES;0
NO;8459;MELBU;0
NO;8465;STRAUMSJØEN;0
NO;8469;BØ I VESTERÅLEN;0
NO;8470;BØ I VESTERÅLEN;0
NO;8475;STRAUMSJØEN;0
NO;8480;ANDENES;0
NO;8481;BLEIK;0
NO;8483;ANDENES;0
NO;8484;RISØYHAMN;0
NO;8485;DVERBERG;0
NO;8488;NØSS;0
NO;8489;NORDMELA;0
NO;8493;RISØYHAMN;0
NO;8501;NARVIK;0
NO;8502;NARVIK;0
NO;8503;NARVIK;0
NO;8504;NARVIK;0
NO;8505;NARVIK;0
NO;8506;NARVIK;0
NO;8507;NARVIK;0
NO;8508;NARVIK;0
NO;8509;NARVIK;0
NO;8510;NARVIK;0
NO;8512;NARVIK;0
NO;8513;ANKENES;0
NO;8514;NARVIK;0
NO;8515;NARVIK;0
NO;8516;NARVIK;0
NO;8517;NARVIK;0
NO;8518;NARVIK;0
NO;8519;NARVIK;0
NO;8520;ANKENES;0
NO;8521;ANKENES;0
NO;8522;BEISFJORD;0
NO;8523;SKJOMEN;0
NO;8530;BJERKVIK;0
NO;8531;BJERKVIK;0
NO;8533;BOGEN I OFOTEN;0
NO;8534;LILAND;0
NO;8535;TÅRSTAD;0
NO;8536;EVENES;0
NO;8539;BOGEN I OFOTEN;0
NO;8540;BALLANGEN;0
NO;8543;KJELDEBOTN;0
NO;8546;BALLANGEN;0
NO;8590;KJØPSVIK;0
NO;8591;KJØPSVIK;0
NO;8601;MO I RANA;0
NO;8602;MO I RANA;0
NO;8603;MO I RANA;0
NO;8604;MO I RANA;0
NO;8607;MO I RANA;0
NO;8608;MO I RANA;0
NO;8609;MO I RANA;0
NO;8610;MO I RANA;0
NO;8613;MO I RANA;0
NO;8614;MO I RANA;0
NO;8615;SKONSENG;0
NO;8616;MO I RANA;0
NO;8617;DALSGRENDA;0
NO;8618;MO I RANA;0
NO;8619;MO I RANA;0
NO;8622;MO I RANA;0
NO;8624;MO I RANA;0
NO;8626;MO I RANA;0
NO;8630;STORFORSHEI;0
NO;8634;MO I RANA;0
NO;8638;STORFORSHEI;0
NO;8640;HEMNESBERGET;0
NO;8641;HEMNESBERGET;0
NO;8642;FINNEIDFJORD;0
NO;8643;BJERKA;0
NO;8644;BJERKA;0
NO;8646;KORGEN;0
NO;8647;BLEIKVASSLIA;0
NO;8648;KORGEN;0
NO;8651;MOSJØEN;0
NO;8652;MOSJØEN;0
NO;8654;MOSJØEN;0
NO;8655;MOSJØEN;0
NO;8656;MOSJØEN;0
NO;8657;MOSJØEN;0
NO;8658;MOSJØEN;0
NO;8659;MOSJØEN;0
NO;8660;MOSJØEN;0
NO;8661;MOSJØEN;0
NO;8663;MOSJØEN;0
NO;8664;MOSJØEN;0
NO;8665;MOSJØEN;0
NO;8666;MOSJØEN;0
NO;8672;ELSFJORD;0
NO;8680;TROFORS;0
NO;8681;TROFORS;0
NO;8690;HATTFJELLDAL;0
NO;8691;HATTFJELLDAL;0
NO;8700;NESNA;0
NO;8701;NESNA;0
NO;8720;VIKHOLMEN;0
NO;8723;HUSBY;0
NO;8724;SAURA;0
NO;8725;UTSKARPEN;0
NO;8730;BRATLAND;0
NO;8732;ALDRA;0
NO;8733;STUVLAND;0
NO;8735;STOKKVÅGEN;0
NO;8740;NORD-SOLVÆR;0
NO;8742;SELVÆR;0
NO;8743;INDRE KVARØY;0
NO;8750;TONNES;0
NO;8752;KONSVIKOSEN;0
NO;8753;KONSVIKOSEN;0
NO;8754;ØRESVIK;0
NO;8762;SLENESET;0
NO;8764;LOVUND;0
NO;8766;LURØY;0
NO;8767;LURØY;0
NO;8770;TRÆNA;0
NO;8800;SANDNESSJØEN;0
NO;8801;SANDNESSJØEN;0
NO;8802;SANDNESSJØEN;0
NO;8803;SANDNESSJØEN;0
NO;8804;SANDNESSJØEN;0
NO;8805;SANDNESSJØEN;0
NO;8809;SANDNESSJØEN;0
NO;8813;LØKTA;0
NO;8820;DØNNA;0
NO;8827;DØNNA;0
NO;8830;VANDVE;0
NO;8842;BRASØY;0
NO;8844;SANDVÆR;0
NO;8850;HERØY;0
NO;8851;HERØY;0
NO;8852;HERØY;0
NO;8854;AUSTBØ;0
NO;8860;TJØTTA;0
NO;8861;TJØTTA;0
NO;8865;TRO;0
NO;8870;VISTHUS;0
NO;8880;BÆRØYVÅGEN;0
NO;8890;LEIRFJORD;0
NO;8891;LEIRFJORD;0
NO;8892;SUNDØY;0
NO;8897;BARDAL;0
NO;8900;BRØNNØYSUND;0
NO;8901;BRØNNØYSUND;0
NO;8902;BRØNNØYSUND;0
NO;8904;BRØNNØYSUND;0
NO;8905;BRØNNØYSUND;0
NO;8906;BRØNNØYSUND;0
NO;8907;BRØNNØYSUND;0
NO;8908;BRØNNØYSUND;0
NO;8909;BRØNNØYSUND;0
NO;8910;BRØNNØYSUND;0
NO;8920;SØMNA;0
NO;8921;SØMNA;0
NO;8922;SØMNA;0
NO;8960;VELFJORD;0
NO;8961;VELFJORD;0
NO;8976;VEVELSTAD;0
NO;8977;VEVELSTAD;0
NO;8980;VEGA;0
NO;8981;VEGA;0
NO;8985;YLVINGEN;0
NO;9006;TROMSØ;0
NO;9007;TROMSØ;0
NO;9008;TROMSØ;0
NO;9009;TROMSØ;0
NO;9010;TROMSØ;0
NO;9011;TROMSØ;0
NO;9012;TROMSØ;0
NO;9013;TROMSØ;0
NO;9014;TROMSØ;0
NO;9015;TROMSØ;0
NO;9016;TROMSØ;0
NO;9017;TROMSØ;0
NO;9018;TROMSØ;0
NO;9019;TROMSØ;0
NO;9020;TROMSDALEN;0
NO;9021;TROMSDALEN;0
NO;9022;KROKELVDALEN;0
NO;9023;KROKELVDALEN;0
NO;9024;TOMASJORD;0
NO;9027;RAMFJORDBOTN;0
NO;9029;TROMSDALEN;0
NO;9030;SJURSNES;0
NO;9034;OLDERVIK;0
NO;9037;TROMSØ;0
NO;9038;TROMSØ;0
NO;9040;NORDKJOSBOTN;0
NO;9042;LAKSVATN;0
NO;9043;JØVIK;0
NO;9046;OTEREN;0
NO;9049;NORDKJOSBOTN;0
NO;9050;STORSTEINNES;0
NO;9055;MEISTERVIK;0
NO;9056;MORTENHALS;0
NO;9057;VIKRAN;0
NO;9059;STORSTEINNES;0
NO;9060;LYNGSEIDET;0
NO;9062;FURUFLATEN;0
NO;9064;SVENSBY;0
NO;9068;NORD-LENANGEN;0
NO;9069;LYNGSEIDET;0
NO;9100;KVALØYSLETTA;0
NO;9101;KVALØYSLETTA;0
NO;9102;KVALØYSLETTA;0
NO;9103;KVALØYA;0
NO;9104;KVALØYA;0
NO;9105;KVALØYA;0
NO;9106;STRAUMSBUKTA;0
NO;9107;KVALØYA;0
NO;9108;KVALØYA;0
NO;9110;SOMMARØY;0
NO;9118;BRENSHOLMEN;0
NO;9119;SOMMARØY;0
NO;9120;VENGSØY;0
NO;9128;TUSSØY;0
NO;9130;HANSNES;0
NO;9131;KÅRVIK;0
NO;9132;STAKKVIK;0
NO;9134;HANSNES;0
NO;9135;VANNVÅG;0
NO;9136;VANNAREID;0
NO;9137;VANNVÅG;0
NO;9138;KARLSØY;0
NO;9140;REBBENES;0
NO;9141;MJØLVIK;0
NO;9142;SKIBOTN;0
NO;9143;SKIBOTN;0
NO;9144;SAMUELSBERG;0
NO;9145;SAMUELSBERG;0
NO;9146;OLDERDALEN;0
NO;9147;BIRTAVARRE;0
NO;9148;OLDERDALEN;0
NO;9149;BIRTAVARRE;0
NO;9151;STORSLETT;0
NO;9152;SØRKJOSEN;0
NO;9153;ROTSUND;0
NO;9154;STORSLETT;0
NO;9155;SØRKJOSEN;0
NO;9156;STORSLETT;0
NO;9157;STORSLETT;0
NO;9158;STORSLETT;0
NO;9159;HAVNNES;0
NO;9161;BURFJORD;0
NO;9162;SØRSTRAUMEN;0
NO;9163;JØKELFJORD;0
NO;9169;BURFJORD;0
NO;9170;LONGYEARBYEN;0
NO;9171;LONGYEARBYEN;0
NO;9173;NY-ÅLESUND;0
NO;9174;HOPEN;0
NO;9175;SVEAGRUVA;0
NO;9176;BJØRNØYA;0
NO;9178;BARENTSBURG;0
NO;9180;SKJERVØY;0
NO;9181;HAMNEIDET;0
NO;9182;SEGLVIK;0
NO;9184;REINFJORD;0
NO;9185;SPILDRA;0
NO;9186;ANDSNES;0
NO;9187;VALANHAMN;0
NO;9189;SKJERVØY;0
NO;9190;AKKARVIK;0
NO;9192;ARNØYHAMN;0
NO;9193;NIKKEBY;0
NO;9194;LAUKSLETTA;0
NO;9195;ÅRVIKSAND;0
NO;9197;ULØYBUKT;0
NO;9240;TROMSØ;0
NO;9251;TROMSØ;0
NO;9252;TROMSØ;0
NO;9253;TROMSØ;0
NO;9254;TROMSØ;0
NO;9255;TROMSØ;0
NO;9256;TROMSØ;0
NO;9257;TROMSØ;0
NO;9258;TROMSØ;0
NO;9259;TROMSØ;0
NO;9260;TROMSØ;0
NO;9261;TROMSØ;0
NO;9262;TROMSØ;0
NO;9263;TROMSØ;0
NO;9265;TROMSØ;0
NO;9266;TROMSØ;0
NO;9267;TROMSØ;0
NO;9268;TROMSØ;0
NO;9269;TROMSØ;0
NO;9270;TROMSØ;0
NO;9271;TROMSØ;0
NO;9272;TROMSØ;0
NO;9273;TROMSØ;0
NO;9274;TROMSØ;0
NO;9275;TROMSØ;0
NO;9276;TROMSØ;0
NO;9277;TROMSØ;0
NO;9278;TROMSØ;0
NO;9279;TROMSØ;0
NO;9280;TROMSØ;0
NO;9281;TROMSØ;0
NO;9282;TROMSØ;0
NO;9283;TROMSØ;0
NO;9284;TROMSØ;0
NO;9285;TROMSØ;0
NO;9286;TROMSØ;0
NO;9287;TROMSØ;0
NO;9288;TROMSØ;0
NO;9290;TROMSØ;0
NO;9291;TROMSØ;0
NO;9292;TROMSØ;0
NO;9293;TROMSØ;0
NO;9294;TROMSØ;0
NO;9296;TROMSØ;0
NO;9298;TROMSØ;0
NO;9299;TROMSØ;0
NO;9300;FINNSNES;0
NO;9302;ROSSFJORDSTRAUMEN;0
NO;9303;SILSAND;0
NO;9304;VANGSVIK;0
NO;9305;FINNSNES;0
NO;9306;FINNSNES;0
NO;9307;FINNSNES;0
NO;9308;FINNSNES;0
NO;9309;FINNSNES;0
NO;9310;SØRREISA;0
NO;9311;BRØSTADBOTN;0
NO;9315;SØRREISA;0
NO;9316;BRØSTADBOTN;0
NO;9321;MOEN;0
NO;9322;KARLSTAD;0
NO;9325;BARDUFOSS;0
NO;9326;BARDUFOSS;0
NO;9329;MOEN;0
NO;9334;ØVERBYGD;0
NO;9335;ØVERBYGD;0
NO;9336;RUNDHAUG;0
NO;9350;SJØVEGAN;0
NO;9355;SJØVEGAN;0
NO;9357;TENNEVOLL;0
NO;9358;TENNEVOLL;0
NO;9360;BARDU;0
NO;9365;BARDU;0
NO;9370;SILSAND;0
NO;9372;GIBOSTAD;0
NO;9373;BOTNHAMN;0
NO;9376;SKATVIK;0
NO;9379;GRYLLEFJORD;0
NO;9380;GRYLLEFJORD;0
NO;9381;TORSKEN;0
NO;9382;GIBOSTAD;0
NO;9384;SKALAND;0
NO;9385;SKALAND;0
NO;9386;SENJAHOPEN;0
NO;9387;SENJAHOPEN;0
NO;9388;FJORDGARD;0
NO;9389;HUSØY I SENJA;0
NO;9391;STONGLANDSEIDET;0
NO;9392;STONGLANDSEIDET;0
NO;9393;FLAKSTADVÅG;0
NO;9395;KALDFARNES;0
NO;9402;HARSTAD;0
NO;9403;HARSTAD;0
NO;9404;HARSTAD;0
NO;9405;HARSTAD;0
NO;9406;HARSTAD;0
NO;9407;HARSTAD;0
NO;9408;HARSTAD;0
NO;9409;HARSTAD;0
NO;9411;HARSTAD;0
NO;9414;HARSTAD;0
NO;9415;HARSTAD;0
NO;9416;HARSTAD;0
NO;9419;SØRVIK;0
NO;9420;LUNDENES;0
NO;9423;GRØTAVÆR;0
NO;9424;KJØTTA;0
NO;9425;SANDSØY;0
NO;9426;BJARKØY;0
NO;9427;MELØYVÆR;0
NO;9430;SANDTORG;0
NO;9436;KONGSVIK;0
NO;9439;EVENSKJER;0
NO;9440;EVENSKJER;0
NO;9441;FJELLDAL;0
NO;9442;RAMSUND;0
NO;9443;MYKLEBOSTAD;0
NO;9444;HOL I TJELDSUND;0
NO;9445;TOVIK;0
NO;9446;GROVFJORD;0
NO;9447;GROVFJORD;0
NO;9448;RAMSUND;0
NO;9450;HAMNVIK;0
NO;9451;HAMNVIK;0
NO;9453;KRÅKRØHAMN;0
NO;9454;ÅNSTAD;0
NO;9455;ENGENES;0
NO;9456;ENGENES;0
NO;9470;GRATANGEN;0
NO;9471;GRATANGEN;0
NO;9475;BORKENES;0
NO;9476;BORKENES;0
NO;9479;HARSTAD;0
NO;9480;HARSTAD;0
NO;9481;HARSTAD;0
NO;9482;HARSTAD;0
NO;9483;HARSTAD;0
NO;9484;HARSTAD;0
NO;9485;HARSTAD;0
NO;9486;HARSTAD;0
NO;9487;HARSTAD;0
NO;9488;HARSTAD;0
NO;9489;HARSTAD;0
NO;9496;HARSTAD;0
NO;9497;HARSTAD;0
NO;9498;HARSTAD;0
NO;9501;ALTA;0
NO;9502;ALTA;0
NO;9503;ALTA;0
NO;9504;ALTA;0
NO;9505;ALTA;0
NO;9506;ALTA;0
NO;9507;ALTA;0
NO;9508;ALTA;0
NO;9509;ALTA;0
NO;9510;ALTA;0
NO;9511;ALTA;0
NO;9512;ALTA;0
NO;9513;ALTA;0
NO;9514;ALTA;0
NO;9515;ALTA;0
NO;9516;ALTA;0
NO;9517;ALTA;0
NO;9518;ALTA;0
NO;9519;KVIBY;0
NO;9520;KAUTOKEINO;0
NO;9521;KAUTOKEINO;0
NO;9525;MAZE;0
NO;9531;KVALFJORD;0
NO;9532;HAKKSTABBEN;0
NO;9533;KONGSHUS;0
NO;9536;KORSFJORDEN;0
NO;9540;TALVIK;0
NO;9545;LANGFJORDBOTN;0
NO;9550;ØKSFJORD;0
NO;9580;BERGSFJORD;0
NO;9582;NUVSVÅG;0
NO;9583;LANGFJORDHAMN;0
NO;9584;SØR-TVERRFJORD;0
NO;9585;SANDLAND;0
NO;9586;LOPPA;0
NO;9587;SKAVNAKK;0
NO;9590;HASVIK;0
NO;9591;HASVIK;0
NO;9593;BREIVIKBOTN;0
NO;9595;SØRVÆR;0
NO;9600;HAMMERFEST;0
NO;9601;HAMMERFEST;0
NO;9602;HAMMERFEST;0
NO;9603;HAMMERFEST;0
NO;9609;NORDRE SEILAND;0
NO;9610;RYPEFJORD;0
NO;9611;RYPEFJORD;0
NO;9612;FORSØL;0
NO;9615;HAMMERFEST;0
NO;9616;HAMMERFEST;0
NO;9620;KVALSUND;0
NO;9621;KVALSUND;0
NO;9624;REVSNESHAMN;0
NO;9650;AKKARFJORD;0
NO;9651;LANGSTRAND;0
NO;9657;KÅRHAMN;0
NO;9664;SANDØYBOTN;0
NO;9670;TUFJORD;0
NO;9672;INGØY;0
NO;9690;HAVØYSUND;0
NO;9691;HAVØYSUND;0
NO;9692;MÅSØY;0
NO;9700;LAKSELV;0
NO;9709;PORSANGMOEN;0
NO;9710;INDRE BILLEFJORD;0
NO;9711;LAKSELV;0
NO;9712;LAKSELV;0
NO;9713;RUSSENES;0
NO;9714;SNEFJORD;0
NO;9715;KOKELV;0
NO;9716;BØRSELV;0
NO;9717;VEIDNESKLUBBEN;0
NO;9722;SKOGANVARRE;0
NO;9730;KARASJOK;0
NO;9735;KARASJOK;0
NO;9740;LEBESBY;0
NO;9742;KUNES;0
NO;9750;HONNINGSVÅG;0
NO;9751;HONNINGSVÅG;0
NO;9760;NORDVÅGEN;0
NO;9763;SKARSVÅG;0
NO;9764;NORDKAPP;0
NO;9765;GJESVÆR;0
NO;9768;REPVÅG;0
NO;9770;MEHAMN;0
NO;9771;SKJÅNES;0
NO;9772;LANGFJORDNES;0
NO;9773;NERVEI;0
NO;9775;GAMVIK;0
NO;9782;DYFJORD;0
NO;9790;KJØLLEFJORD;0
NO;9800;VADSØ;0
NO;9802;VESTRE JAKOBSELV;0
NO;9810;VESTRE JAKOBSELV;0
NO;9811;VADSØ;0
NO;9815;VADSØ;0
NO;9820;VARANGERBOTN;0
NO;9826;SIRMA;0
NO;9840;VARANGERBOTN;0
NO;9845;TANA;0
NO;9846;TANA;0
NO;9900;KIRKENES;0
NO;9901;KIRKENES;0
NO;9910;BJØRNEVATN;0
NO;9911;JARFJORD;0
NO;9912;HESSENG;0
NO;9914;BJØRNEVATN;0
NO;9915;KIRKENES;0
NO;9916;HESSENG;0
NO;9917;KIRKENES;0
NO;9925;SVANVIK;0
NO;9930;NEIDEN;0
NO;9935;BUGØYNES;0
NO;9950;VARDØ;0
NO;9951;VARDØ;0
NO;9960;KIBERG;0
NO;9980;BERLEVÅG;0
NO;9981;BERLEVÅG;0
NO;9982;KONGSFJORD;0
NO;9990;BÅTSFJORD;0
NO;9991;BÅTSFJORD;0
